1580155990.8984105,2,5.91,2,19.703400
1580155990.9886512,3,0.70,3,2.347506
1580155991.0820348,0,4.79,4,15.978691
1580155991.1700965,1,6.81,5,22.723858
1580155991.2618115,2,5.28,6,17.606295
1580155991.4954785,1,6.89,9,23.005559
1580155991.5873018,2,5.37,10,17.919296
1580155991.7368978,0,4.59,12,15.321389
1580155991.8318175,1,6.82,13,22.739508
1580155991.9229238,2,5.88,14,19.609500
1580155992.0119698,3,0.69,15,2.316206
1580155992.0989250,0,4.83,16,16.103891
1580155992.1891168,1,6.86,17,22.880359
1580155992.2799450,2,5.66,18,18.889598
1580155992.5993980,2,5.19,22,17.324594
1580155992.6953730,3,0.66,23,2.206656
1580155992.7940242,0,4.70,24,15.665690
1580155992.8710755,1,6.75,25,22.536058
1580155992.9607385,2,5.45,26,18.169697
1580155993.0524245,3,0.59,27,1.971905
1580155993.1418222,0,4.79,28,15.994341
1580155993.2934118,2,4.76,30,15.884791
1580155993.3833852,3,0.61,31,2.050155
1580155993.4713580,0,4.97,32,16.589042
1580155993.5646765,1,7.01,33,23.381160
1580155993.6568330,2,4.65,34,15.524840
1580155993.7491878,3,0.62,35,2.081455
1580155993.8424665,0,4.99,36,16.651643
1580155993.9294610,1,7.49,37,24.977464
1580155994.0196042,2,5.07,38,16.933343
1580155994.1114072,3,0.61,39,2.050155
1580155994.2003165,0,4.89,40,16.322992
1580155994.2909608,1,6.60,41,22.035256
1580155994.4420522,3,0.75,43,2.488356
1580155994.5326792,0,4.73,44,15.775240
1580155994.6271090,1,6.56,45,21.894406
1580155994.7151155,2,4.94,46,16.495142
1580155994.8056690,3,0.97,47,3.223908
1580155994.8962038,0,4.57,48,15.258789
1580155994.9966790,1,6.16,49,20.548503
1580155995.0762352,2,4.23,50,14.116336
1580155995.1669630,3,1.29,51,4.288111
1580155995.3203642,1,6.14,53,20.501552
1580155995.4156582,2,4.05,54,13.521635
1580155995.5070478,3,1.90,55,6.353916
1580155995.5889102,0,4.18,56,13.959836
1580155995.7129620,1,5.84,57,19.499950
1580155995.7699845,2,3.93,58,13.099084
1580155995.8626578,3,2.18,59,7.277269
1580155995.9509762,0,4.02,60,13.427734
1580155996.0391070,1,5.72,61,19.077399
1580155996.1306052,2,3.75,62,12.504382
1580155996.2249148,3,2.20,63,7.339869
1580155996.3135828,0,3.72,64,12.426132
1580155996.3991968,1,5.11,65,17.058544
1580155996.4896922,2,3.69,66,12.316582
1580155996.5801755,3,2.83,67,9.452624
1580155996.6713420,0,3.60,68,12.019231
1580155996.8240982,2,3.47,70,11.581030
1580155996.9141082,3,3.03,71,10.109926
1580155997.0693950,1,4.45,73,14.851888
1580155997.1612972,2,3.35,74,11.189779
1580155997.2491288,3,4.06,75,13.537285
1580155997.4569645,1,4.03,77,13.459034
1580155997.5390745,2,3.27,78,10.923728
1580155997.6293985,3,3.65,79,12.175731
1580155997.7200660,0,3.19,80,10.642027
1580155997.8116890,1,3.64,81,12.160081
1580155997.9026285,2,3.34,82,11.158479
1580155997.9891055,3,3.99,83,13.318184
1580155998.2117030,1,3.51,85,11.706230
1580155998.3038730,2,3.30,86,11.017628
1580155998.4773382,0,3.26,88,10.892428
1580155998.5659108,1,3.12,89,10.407277
1580155998.7420480,3,5.40,91,18.013196
1580155998.8292692,0,3.32,92,11.064578
1580155999.0045010,2,3.62,94,12.081831
1580155999.0936818,3,4.91,95,16.385592
1580155999.2671160,1,2.36,97,7.871970
1580155999.3585685,2,3.72,98,12.410482
1580155999.4468858,3,5.09,99,16.980293
1580155999.5734565,0,3.29,0,10.986328
1580155999.6661080,1,2.50,1,8.341471
1580155999.8402470,3,5.00,3,16.682943
1580155999.9304135,0,3.26,4,10.876778
1580156000.1201105,2,3.92,6,13.083433
1580156000.1945718,3,5.10,7,17.011594
1580156000.2846715,0,3.26,8,10.892428
1580156000.3753608,1,2.62,9,8.748372
1580156000.4687252,2,3.78,10,12.613932
1580156000.5568188,3,5.08,11,16.964643
1580156000.6467228,0,3.23,12,10.782878
1580156000.7429590,1,2.68,13,8.936173
1580156000.8320915,2,3.62,14,12.066181
1580156000.9175082,3,5.07,15,16.917693
1580156001.0074722,0,3.18,16,10.595077
1580156001.0979008,1,2.63,17,8.764022
1580156001.1912355,2,3.71,18,12.379182
1580156001.2807030,3,5.05,19,16.839443
1580156001.4346038,1,2.92,21,9.749975
1580156001.5248960,2,3.93,22,13.114734
1580156001.6786100,0,2.83,24,9.452624
1580156001.7667602,1,3.03,25,10.125576
1580156001.8585328,2,3.87,26,12.926933
1580156001.9585238,3,5.00,27,16.698593
1580156002.0394108,0,2.80,28,9.343074
1580156002.1336398,1,3.56,29,11.894030
1580156002.2218092,2,4.19,30,13.975486
1580156002.3137130,3,5.00,31,16.682943
1580156002.3997798,0,2.61,32,8.717072
1580156002.4906920,1,3.58,33,11.956631
1580156002.5848632,2,4.92,34,16.401242
1580156002.6790288,3,5.17,35,17.261994
1580156002.7592998,0,2.39,36,7.965870
1580156002.8508305,1,3.58,37,11.940981
1580156002.9401768,2,4.84,38,16.150841
1580156003.0308388,3,5.14,39,17.136794
1580156003.1242420,0,2.17,40,7.245969
1580156003.2162780,1,3.87,41,12.926933
1580156003.3037710,2,4.80,42,16.025641
1580156003.4744575,0,2.12,44,7.058168
1580156003.5674100,1,3.51,45,11.721880
1580156003.6668628,2,4.73,46,15.790890
1580156003.7473472,3,5.45,47,18.169697
1580156003.8364278,0,2.18,48,7.277269
1580156003.9282320,1,3.53,49,11.784480
1580156004.0213500,2,4.71,50,15.728290
1580156004.1095822,3,5.14,51,17.152444
1580156004.2002798,0,2.26,52,7.543319
1580156004.2906650,1,3.46,53,11.534080
1580156004.3807980,2,4.59,54,15.305739
1580156004.4713465,3,5.07,55,16.902043
1580156004.5606972,0,2.27,56,7.574619
1580156004.6501095,1,3.97,57,13.239934
1580156004.7439572,2,4.55,58,15.180539
1580156004.8299872,3,4.88,59,16.276042
1580156004.9286032,0,2.20,60,7.339869
1580156005.0108172,1,3.49,61,11.643630
1580156005.1033370,2,4.43,62,14.773638
1580156005.1915080,3,4.65,63,15.524840
1580156005.2797620,0,2.31,64,7.715470
1580156005.4509880,2,4.26,66,14.210236
1580156005.5252822,3,4.45,67,14.851888
1580156005.6162030,0,2.28,68,7.605919
1580156005.7066780,1,3.79,69,12.645232
1580156005.7986645,2,4.23,70,14.100686
1580156005.8885530,3,4.08,71,13.599885
1580156005.9777328,0,2.23,72,7.449419
1580156006.0689042,1,3.94,73,13.161684
1580156006.1584805,2,4.22,74,14.085036
1580156006.2481178,3,3.87,75,12.911283
1580156006.3831642,0,2.59,76,8.638822
1580156006.4353885,1,4.19,77,13.975486
1580156006.5201702,2,4.09,78,13.646835
1580156006.6105148,3,3.57,79,11.909680
1580156006.7859050,1,4.45,81,14.851888
1580156006.8750980,2,4.18,82,13.944186
1580156007.0489328,0,2.94,84,9.796925
1580156007.1409350,1,4.76,85,15.869141
1580156007.2327075,2,4.32,86,14.413687
1580156007.3225680,3,3.37,87,11.252379
1580156007.4124152,0,3.16,88,10.548127
1580156007.5040382,1,5.13,89,17.105494
1580156007.6023182,2,4.32,90,14.398037
1580156007.6837890,3,2.76,91,9.202224
1580156007.7739988,0,2.85,92,9.499574
1580156007.8860065,1,5.49,93,18.326197
1580156007.9596398,2,4.45,94,14.851888
1580156008.0581302,3,2.50,95,8.325821
1580156008.1381690,0,3.10,96,10.329026
1580156008.2287512,1,6.13,97,20.438952
1580156008.3195785,2,4.53,98,15.102289
1580156008.4096920,3,2.20,99,7.339869
1580156008.5304475,0,3.50,0,11.674930
1580156008.6208422,1,6.09,1,20.329402
1580156008.7183525,2,4.66,2,15.540490
1580156008.8032972,3,2.16,3,7.214668
1580156008.8922342,0,3.51,4,11.721880
1580156008.9800035,1,6.17,5,20.579803
1580156009.0724288,2,4.78,6,15.947391
1580156009.1612212,3,1.88,7,6.260016
1580156009.2515332,0,3.65,8,12.175731
1580156009.3417530,1,6.50,9,21.675305
1580156009.4310380,2,4.82,10,16.088241
1580156009.5205228,3,1.57,11,5.227113
1580156009.6110858,0,3.82,12,12.739133
1580156009.7052728,1,6.29,13,20.971054
1580156009.8579122,3,1.57,15,5.242763
1580156009.9457565,0,4.11,16,13.725085
1580156010.0971382,2,4.63,18,15.446590
1580156010.1876945,3,1.62,19,5.414914
1580156010.2802920,0,4.59,20,15.321389
1580156010.3678785,1,6.06,21,20.235502
1580156010.4580890,2,4.39,22,14.632787
1580156010.5507970,3,1.63,23,5.430564
1580156010.6431715,0,3.94,24,13.161684
1580156010.8166898,2,4.19,26,13.975486
1580156010.9069595,3,1.58,27,5.274064
1580156011.1451252,2,4.10,30,13.678135
1580156011.2345092,3,1.33,31,4.444611
1580156011.3945882,1,5.83,33,19.453000
1580156011.4815890,2,3.94,34,13.161684
1580156011.5684122,3,1.23,35,4.100310
1580156011.6604490,0,4.56,36,15.211839
1580156011.7570518,1,5.92,37,19.750351
1580156011.8405208,2,3.81,38,12.723483
1580156011.9317825,3,0.98,39,3.286508
1580156012.0212478,0,4.85,40,16.166491
1580156012.1116070,1,5.91,41,19.734701
1580156012.2653615,3,1.06,43,3.536909
1580156012.3561165,0,5.08,44,16.964643
1580156012.4454825,1,6.33,45,21.127554
1580156012.5377930,2,4.32,46,14.413687
1580156012.6287428,3,0.96,47,3.192608
1580156012.7189948,0,5.29,48,17.637595
1580156012.8251112,1,6.07,49,20.251152
1580156013.0738168,0,5.46,52,18.232297
1580156013.1649440,1,6.11,53,20.392002
1580156013.2546595,2,3.53,54,11.768830
1580156013.3468282,3,1.39,55,4.632412
1580156013.4378310,0,5.98,56,19.953801
1580156013.5298682,1,5.96,57,19.875551
1580156013.6183062,2,3.31,58,11.033278
1580156013.7082190,3,1.71,59,5.696615
1580156013.8009740,0,6.18,60,20.611103
1580156013.8971502,1,6.27,61,20.924104
1580156013.9793872,2,2.98,62,9.953425
1580156014.0700878,3,2.02,63,6.745167
1580156014.1616460,0,6.40,64,21.362305
1580156014.2577005,1,6.04,65,20.157252
1580156014.3484138,2,3.12,66,10.407277
1580156014.4330005,3,1.97,67,6.557367
1580156014.5241502,0,7.35,68,24.539263
1580156014.6991295,2,3.18,70,10.610727
1580156014.7881515,3,2.00,71,6.682567
1580156014.8780782,0,6.59,72,21.972656
1580156014.9717308,1,6.59,73,22.003956
1580156015.0655630,2,3.37,74,11.236729
1580156015.1516605,3,1.80,75,6.009615
1580156015.2430295,0,6.81,76,22.723858
1580156015.3937915,2,3.27,78,10.908078
1580156015.4893445,3,1.60,79,5.352314
1580156015.7450578,2,4.00,82,13.349484
1580156015.8413185,3,1.36,83,4.538512
1580156016.0138802,1,6.09,85,20.313752
1580156016.1048685,2,3.40,86,11.346279
1580156016.1921192,3,1.20,87,3.990760
1580156016.2815095,0,5.68,88,18.952199
1580156016.3716905,1,6.13,89,20.438952
1580156016.4632550,2,3.58,90,11.940981
1580156016.5512265,3,1.06,91,3.536909
1580156016.6407808,0,5.74,92,19.155649
1580156016.7404035,1,6.33,93,21.127554
1580156016.8225048,2,3.70,94,12.332232
1580156016.9220335,3,0.82,95,2.723107
1580156017.0011670,0,5.33,96,17.794096
1580156017.0913892,1,6.75,97,22.536058
1580156017.1882190,2,3.94,98,13.161684
1580156017.2792378,3,0.82,99,2.723107
1580156017.3933830,0,5.10,0,17.011594
1580156017.4837585,1,6.46,1,21.565755
1580156017.5754372,2,4.66,2,15.540490
1580156017.6693888,3,0.89,3,2.957858
1580156017.7610040,0,5.00,4,16.682943
1580156017.9355798,2,4.25,6,14.194586
1580156018.0432195,3,0.71,7,2.363156
1580156018.1173970,0,4.99,8,16.651643
1580156018.2060915,1,6.48,9,21.612705
1580156018.2968520,2,4.42,10,14.757988
1580156018.3869802,3,0.80,11,2.676157
1580156018.4768242,0,4.54,12,15.133589
1580156018.6533142,2,4.47,14,14.898838
1580156018.7406095,3,1.03,15,3.443009
1580156018.9146770,1,6.31,17,21.049304
1580156019.0051078,2,4.41,18,14.726688
1580156019.2216738,0,4.69,20,15.634390
1580156019.2684705,1,6.29,21,20.971054
1580156019.3673162,2,4.35,22,14.523237
1580156019.4517622,3,1.11,23,3.709059
1580156019.5424550,0,4.60,24,15.352689
1580156019.6328565,1,6.24,25,20.830203
1580156019.7230402,2,4.21,26,14.053736
1580156019.8141705,3,1.39,27,4.648062
1580156019.9044682,0,4.71,28,15.712640
1580156019.9950340,1,6.07,29,20.266802
1580156020.0850460,2,4.06,30,13.537285
1580156020.1751170,3,1.73,31,5.774865
1580156020.2679165,0,4.40,32,14.679738
1580156020.3608450,1,5.78,33,19.296499
1580156020.4492382,2,3.97,34,13.255584
1580156020.5409582,3,2.11,35,7.026868
1580156020.6295092,0,3.85,36,12.848683
1580156020.8518735,2,3.83,38,12.786083
1580156020.9423080,3,1.86,39,6.213066
1580156021.2102960,2,3.79,42,12.629582
1580156021.2929585,3,2.23,43,7.449419
1580156021.5504352,2,3.63,46,12.113131
1580156021.6427240,3,2.49,47,8.310171
1580156021.7940612,1,4.75,49,15.853491
1580156021.8841955,2,3.57,50,11.909680
1580156021.9747590,3,2.65,51,8.826623
1580156022.0677292,0,3.37,52,11.236729
1580156022.1596625,1,4.66,53,15.540490
1580156022.2526512,2,3.53,54,11.768830
1580156022.3437942,3,3.00,55,10.016026
1580156022.5980458,2,3.56,58,11.878380
1580156022.6914065,3,3.39,59,11.299329
1580156022.7787498,0,3.10,60,10.329026
1580156022.8744758,1,4.09,61,13.662485
1580156022.9632090,2,3.54,62,11.815780
1580156023.0531840,3,3.60,63,12.019231
1580156023.1412418,0,2.96,64,9.890825
1580156023.2321042,1,3.86,65,12.879983
1580156023.3206642,2,3.58,66,11.956631
1580156023.4118508,3,3.90,67,13.020833
1580156023.5018742,0,2.97,68,9.922125
1580156023.5918808,1,3.73,69,12.457432
1580156023.6819525,2,3.63,70,12.113131
1580156023.7738648,3,4.17,71,13.928536
1580156023.8611270,0,2.92,72,9.734325
1580156023.9532105,1,3.56,73,11.894030
1580156024.1252995,3,4.51,75,15.039689
1580156024.2151462,0,3.03,76,10.109926
1580156024.3888180,2,3.60,78,12.019231
1580156024.4786310,3,5.30,79,17.684545
1580156024.6698412,1,2.61,81,8.701422
1580156024.7470492,2,3.55,82,11.847080
1580156024.8361725,3,5.08,83,16.948993
1580156025.0593678,1,2.60,85,8.670122
1580156025.1493172,2,3.71,86,12.379182
1580156025.2388580,3,5.15,87,17.168094
1580156025.3299838,0,3.48,88,11.612330
1580156025.4242775,1,2.41,89,8.028471
1580156025.5146632,2,3.75,90,12.520032
1580156025.6025108,3,5.11,91,17.042894
1580156025.6968830,0,3.51,92,11.706230
1580156025.7943805,1,2.24,93,7.480719
1580156025.8788108,2,3.66,94,12.222681
1580156025.9684065,3,5.02,95,16.761193
1580156026.0607155,0,3.68,96,12.285281
1580156026.1513360,1,2.52,97,8.404072
1580156026.2529698,2,3.55,98,11.831430
1580156026.3423235,3,4.99,99,16.651643
1580156026.4508655,0,3.71,0,12.394832
1580156026.5465352,1,2.51,1,8.372771
1580156026.7173422,3,4.82,3,16.072591
1580156026.8082972,0,3.91,4,13.036483
1580156026.8988898,1,2.42,5,8.075421
1580156026.9889675,2,3.13,6,10.438577
1580156027.0790495,3,4.85,7,16.182141
1580156027.1696402,0,4.04,8,13.474684
1580156027.2638458,1,2.15,9,7.167718
1580156027.3564555,2,2.87,10,9.562174
1580156027.4397028,3,4.94,11,16.479492
1580156027.5327425,0,4.10,12,13.693785
1580156027.6258085,1,2.58,13,8.591872
1580156027.7292845,2,2.78,14,9.280474
1580156027.8043582,3,4.92,15,16.401242
1580156027.8948660,0,4.13,16,13.787685
1580156027.9918052,1,2.62,17,8.732722
1580156028.0752468,2,2.69,18,8.983123
1580156028.2347005,0,4.40,20,14.695388
1580156028.3234930,1,2.26,21,7.527669
1580156028.4095065,2,2.44,22,8.153671
1580156028.4987275,3,5.11,23,17.058544
1580156028.5945938,0,4.84,24,16.135191
1580156028.6832802,1,2.05,25,6.854718
1580156028.7926185,2,2.13,26,7.120768
1580156028.8623188,3,4.94,27,16.495142
1580156028.9538835,0,5.31,28,17.715845
1580156029.1087805,2,2.11,30,7.026868
1580156029.2012682,3,4.93,31,16.448192
1580156029.3577810,1,2.03,33,6.776467
1580156029.4452260,2,2.07,34,6.917318
1580156029.5359845,3,5.07,35,16.933343
1580156029.6251682,0,5.34,36,17.825396
1580156029.7155688,1,2.04,37,6.792117
1580156029.8136455,2,2.00,38,6.666917
1580156029.8961652,3,5.05,39,16.855093
1580156029.9881962,0,5.36,40,17.887996
1580156030.0806775,1,2.36,41,7.887620
1580156030.1735535,2,1.95,42,6.510417
1580156030.2630585,3,5.30,43,17.684545
1580156030.3520798,0,5.38,44,17.966246
1580156030.4428168,1,2.43,45,8.106721
1580156030.5320962,2,1.72,46,5.727915
1580156030.6334682,3,4.78,47,15.963041
1580156030.7109572,0,5.30,48,17.668895
1580156030.8647605,2,1.75,50,5.837465
1580156030.9566878,3,4.56,51,15.211839
1580156031.1311750,1,2.96,53,9.875175
1580156031.2216510,2,1.67,54,5.571414
1580156031.3752452,0,5.08,56,16.964643
1580156031.4658192,1,2.80,57,9.343074
1580156031.6189680,3,4.24,59,14.163286
1580156031.7099765,0,5.08,60,16.948993
1580156031.8010768,1,2.86,61,9.530874
1580156031.8919185,2,1.40,62,4.679362
1580156032.0454890,0,5.19,64,17.308944
1580156032.1371438,1,3.02,65,10.078626
1580156032.3184392,3,3.99,67,13.318184
1580156032.4000295,0,5.15,68,17.183744
1580156032.5543615,2,1.30,70,4.335061
1580156032.6458592,3,3.80,71,12.676532
1580156032.7385880,0,4.97,72,16.573392
1580156032.8325555,1,3.33,73,11.111528
1580156032.9225515,2,1.44,74,4.804562
1580156033.0128140,3,3.69,75,12.316582
1580156033.1042238,0,4.92,76,16.432542
1580156033.1914558,1,3.48,77,11.612330
1580156033.2820148,2,1.43,78,4.757612
1580156033.3732985,3,3.47,79,11.565380
1580156033.4621102,0,5.01,80,16.714243
1580156033.5556530,1,4.04,81,13.474684
1580156033.6482662,2,1.45,82,4.835862
1580156033.7311805,3,3.28,83,10.955028
1580156033.8216972,0,5.13,84,17.105494
1580156033.9123230,1,4.05,85,13.505985
1580156034.0090800,2,1.51,86,5.054963
1580156034.1017785,3,3.19,87,10.642027
1580156034.1809082,0,4.94,88,16.479492
1580156034.2713642,1,3.77,89,12.582632
1580156034.3688710,2,1.72,90,5.743565
1580156034.4548475,3,3.22,91,10.735927
1580156034.5409548,0,5.10,92,17.011594
1580156034.6346058,1,3.71,93,12.379182
1580156034.7289430,2,1.96,94,6.526067
1580156035.0099540,1,3.93,97,13.114734
1580156035.0987510,2,2.38,98,7.950220
1580156035.1878535,3,3.07,99,10.235126
1580156035.3128780,0,4.08,0,13.615535
1580156035.4069088,1,4.18,1,13.944186
1580156035.5588440,3,2.91,3,9.703025
1580156035.7791375,1,4.07,5,13.568585
1580156035.8692598,2,2.99,6,9.969076
1580156035.9601550,3,2.98,7,9.953425
1580156036.0580078,0,3.54,8,11.800130
1580156036.1410732,1,4.17,9,13.912886
1580156036.2333342,2,3.28,10,10.955028
1580156036.3224798,3,3.11,11,10.391627
1580156036.4133968,0,3.48,12,11.612330
1580156036.5032830,1,4.21,13,14.053736
1580156036.6548975,3,2.98,15,9.937775
1580156036.7453530,0,3.78,16,12.598282
1580156036.8955360,2,3.21,18,10.720277
1580156036.9929582,3,2.88,19,9.624775
1580156037.0816155,0,3.37,20,11.252379
1580156037.1690640,1,4.20,21,14.006786
1580156037.2589942,2,3.26,22,10.876778
1580156037.3538780,3,2.86,23,9.546524
1580156037.4450922,0,3.66,24,12.207031
1580156037.5336968,1,4.21,25,14.053736
1580156037.6216398,2,3.36,26,11.221079
1580156037.7119928,3,2.85,27,9.499574
1580156037.8024068,0,3.35,28,11.174129
1580156037.9010602,1,4.09,29,13.631185
1580156037.9831552,2,3.41,30,11.393229
1580156038.0712660,3,2.91,31,9.703025
1580156038.1621432,0,3.36,32,11.221079
1580156038.2525825,1,4.05,33,13.521635
1580156038.4288702,3,3.03,35,10.109926
1580156038.5189602,0,3.39,36,11.299329
1580156038.6744260,2,3.52,38,11.737530
1580156038.7641165,3,2.92,39,9.749975
1580156038.8561718,0,3.36,40,11.221079
1580156038.9451465,1,4.15,41,13.834635
1580156039.0408312,2,3.35,42,11.189779
1580156039.1274565,3,2.87,43,9.577825
1580156039.2232880,0,3.24,44,10.814178
1580156039.3921150,2,3.36,46,11.221079
1580156039.4843700,3,2.85,47,9.515224
1580156039.5731755,0,3.71,48,12.379182
1580156039.6614282,1,4.28,49,14.272837
1580156039.7568352,2,3.32,50,11.080228
1580156039.8495200,3,2.81,51,9.390024
1580156039.9324625,0,3.37,52,11.236729
1580156040.0248642,1,4.32,53,14.429337
1580156040.1133588,2,3.35,54,11.174129
1580156040.2854205,0,3.37,56,11.252379
1580156040.3754572,1,4.28,57,14.288487
1580156040.5288528,3,2.93,59,9.765625
1580156040.6189030,0,3.33,60,11.095878
1580156040.7096208,1,4.33,61,14.460637
1580156040.8009415,2,3.32,62,11.080228
1580156040.8926295,3,2.91,63,9.703025
1580156040.9889738,0,3.30,64,11.017628
1580156041.0757492,1,4.41,65,14.726688
1580156041.1647472,2,3.32,66,11.064578
1580156041.2521920,3,2.85,67,9.499574
1580156041.4888590,2,3.32,70,11.064578
1580156041.5949712,3,2.81,71,9.390024
1580156041.7525108,1,4.42,73,14.742338
1580156041.8437178,2,3.36,74,11.205429
1580156041.9299845,3,2.88,75,9.609125
1580156042.0304928,0,3.92,76,13.083433
1580156042.1157755,1,4.79,77,15.994341
1580156042.2058480,2,3.31,78,11.048928
1580156042.2967735,3,2.79,79,9.311774
1580156042.3866115,0,3.88,80,12.958233
1580156042.4790915,1,5.06,81,16.886393
1580156042.5670262,2,3.33,82,11.111528
1580156042.6577932,3,2.89,83,9.640425
1580156042.7548218,0,4.11,84,13.725085
1580156042.8401395,1,4.59,85,15.321389
1580156042.9316918,2,3.36,86,11.221079
1580156043.0208558,3,3.11,87,10.391627
1580156043.1108235,0,3.97,88,13.255584
1580156043.2645872,2,3.38,90,11.283679
1580156043.3549738,3,3.18,91,10.626377
1580156043.5943572,2,3.36,94,11.221079
1580156043.6946538,3,3.62,95,12.081831
1580156043.7762150,0,3.97,96,13.255584
1580156043.8630015,1,4.95,97,16.510792
1580156043.9566008,2,3.42,98,11.424529
1580156044.0478920,3,3.71,99,12.363532
1580156044.1655120,0,3.95,0,13.192984
1580156044.2547760,1,5.30,1,17.700195
1580156044.4317790,3,3.38,3,11.268029
1580156044.5212410,0,4.21,4,14.038086
1580156044.6122758,1,4.82,5,16.072591
1580156044.7018070,2,3.27,6,10.923728
1580156044.7937905,3,3.13,7,10.438577
1580156044.8860272,0,3.84,8,12.801733
1580156044.9727042,1,4.54,9,15.149239
1580156045.0654738,2,3.30,10,11.017628
1580156045.1534552,3,2.82,11,9.405674
1580156045.2478402,0,3.45,12,11.502779
1580156045.3394292,1,4.40,13,14.695388
1580156045.4218942,2,3.34,14,11.158479
1580156045.5129865,3,2.87,15,9.577825
1580156045.6108202,0,3.40,16,11.330629
1580156045.6935168,1,4.27,17,14.257186
1580156045.7873775,2,3.33,18,11.127178
1580156045.9557892,0,3.96,20,13.208634
1580156046.0478980,1,4.15,21,13.834635
1580156046.2225008,3,2.82,23,9.405674
1580156046.3135405,0,3.79,24,12.629582
1580156046.4030540,1,4.23,25,14.100686
1580156046.4933632,2,3.33,26,11.127178
1580156046.5830115,3,2.82,27,9.421324
1580156046.6718240,0,3.94,28,13.161684
1580156046.7628932,1,4.24,29,14.163286
1580156046.8551300,2,3.21,30,10.720277
1580156046.9388428,3,2.76,31,9.202224
1580156047.0960048,1,4.35,33,14.523237
1580156047.1859590,2,3.30,34,11.001978
1580156047.2809662,3,2.69,35,8.967473
1580156047.3668538,0,3.34,36,11.142829
1580156047.4568845,1,4.96,37,16.542092
1580156047.5471250,2,3.34,38,11.158479
1580156047.6390242,3,2.46,39,8.216271
1580156047.7316990,0,3.79,40,12.660882
1580156047.8239832,1,4.90,41,16.354292
1580156047.9109200,2,3.40,42,11.330629
1580156048.0013080,3,2.18,43,7.261619
1580156048.0914240,0,3.72,44,12.426132
1580156048.1817570,1,5.31,45,17.731495
1580156048.2721865,2,3.53,46,11.784480
1580156048.3628238,3,1.89,47,6.322616
1580156048.4616835,0,3.80,48,12.692182
1580156048.5416350,1,5.15,49,17.168094
1580156048.6323630,2,3.58,50,11.940981
1580156048.7226500,3,1.62,51,5.399264
1580156048.8133308,0,4.41,52,14.711038
1580156048.9035335,1,5.81,53,19.374750
1580156049.0630708,3,1.43,55,4.757612
1580156049.1456158,0,4.40,56,14.679738
1580156049.2383342,1,5.75,57,19.171299
1580156049.3307982,2,3.92,58,13.083433
1580156049.4213702,3,1.12,59,3.724710
1580156049.5115125,0,4.55,60,15.196189
1580156049.6018582,1,6.36,61,21.237104
1580156049.7551355,3,0.93,63,3.098708
1580156049.8460032,0,4.57,64,15.243139
1580156049.9989245,2,4.22,66,14.069386
1580156050.0979410,3,0.76,67,2.550957
1580156050.2657438,1,7.04,69,23.490710
1580156050.3586150,2,6.10,70,20.360702
1580156050.5110005,0,5.00,72,16.682943
1580156050.6132045,1,7.27,73,24.257562
1580156050.6987162,2,5.76,74,19.202599
1580156050.7809098,3,0.72,75,2.394456
1580156050.8728950,0,4.76,76,15.884791
1580156050.9654350,1,7.19,77,23.991511
1580156051.0599550,2,5.36,78,17.887996
1580156051.2687160,1,6.81,81,22.723858
1580156051.3583595,2,4.87,82,16.260392
1580156051.7294022,2,4.57,86,15.243139
1580156051.8253115,3,0.84,87,2.817007
1580156051.9943480,1,6.54,89,21.816156
1580156052.1097148,2,4.42,90,14.757988
1580156052.2375750,0,4.77,92,15.900441
1580156052.3285335,1,6.43,93,21.440555
1580156052.4183085,2,4.60,94,15.352689
1580156052.5095638,3,0.58,95,1.924955
1580156052.6104705,0,4.73,96,15.775240
1580156052.6917390,1,6.33,97,21.111904
1580156052.7818520,2,4.63,98,15.462240
1580156052.8726412,3,0.47,99,1.580654
1580156053.0773050,1,6.46,1,21.550105
1580156053.1708430,2,4.70,2,15.681340
1580156053.3898610,1,6.56,5,21.894406
1580156053.4820382,2,4.60,6,15.337039
1580156053.6465198,0,4.87,8,16.244742
1580156053.7368048,1,6.24,9,20.830203
1580156053.8283475,2,4.58,10,15.274439
1580156053.9172300,3,0.53,11,1.784105
1580156054.0075465,0,4.99,12,16.651643
1580156054.1836935,2,4.54,14,15.133589
1580156054.2747818,3,0.87,15,2.910907
1580156054.3648778,0,4.75,16,15.837841
1580156054.4550502,1,6.66,17,22.223057
1580156054.5449800,2,4.55,18,15.180539
1580156054.6358270,3,1.72,19,5.743565
1580156054.7263495,0,4.97,20,16.589042
1580156054.8999682,2,4.54,22,15.164889
1580156054.9920692,3,2.08,23,6.932968
1580156055.0837270,0,4.80,24,16.009991
1580156055.1719478,1,7.20,25,24.038462
1580156055.2624302,2,4.57,26,15.243139
1580156055.3527708,3,2.22,27,7.402469
1580156055.4431082,0,4.82,28,16.072591
1580156055.6183948,2,4.67,30,15.587440
1580156055.7067270,3,2.42,31,8.091071
1580156055.9840695,2,4.87,34,16.260392
1580156056.0636742,3,2.69,35,8.967473
1580156056.2347488,1,7.44,37,24.836614
1580156056.3366728,2,4.67,38,15.571790
1580156056.4780112,0,4.76,40,15.884791
1580156056.5704505,1,7.24,41,24.148012
1580156056.6585915,2,4.55,42,15.196189
1580156056.7492045,3,1.67,43,5.571414
1580156056.8486068,0,4.76,44,15.869141
1580156056.9341225,1,6.64,45,22.144807
1580156057.0238432,2,4.57,46,15.258789
1580156057.1122618,3,1.04,47,3.458659
1580156057.2038072,0,5.01,48,16.714243
1580156057.2932708,1,6.79,49,22.661258
1580156057.3831210,2,4.57,50,15.258789
1580156057.4737328,3,0.96,51,3.192608
1580156057.6457365,1,6.89,53,23.005559
1580156057.7373018,2,4.54,54,15.149239
1580156057.8283332,3,0.91,55,3.051758
1580156057.9206482,0,4.42,56,14.757988
1580156058.0098542,1,6.51,57,21.706606
1580156058.1003252,2,4.38,58,14.601487
1580156058.1909185,3,1.19,59,3.975110
1580156058.2805040,0,4.38,60,14.617137
1580156058.3716515,1,6.11,61,20.392002
1580156058.4617235,2,4.08,62,13.615535
1580156058.5512570,3,1.60,63,5.352314
1580156058.6448110,0,4.11,64,13.725085
1580156058.7358648,1,5.80,65,19.359100
1580156058.8225932,2,3.90,66,13.020833
1580156059.0240762,0,3.94,68,13.161684
1580156059.1145170,1,5.66,69,18.889598
1580156059.2675390,3,2.07,71,6.917318
1580156059.3575000,0,3.93,72,13.099084
1580156059.5136485,2,3.58,74,11.956631
1580156059.6144578,3,2.42,75,8.091071
1580156059.6948028,0,3.89,76,12.973883
1580156059.7853820,1,4.87,77,16.244742
1580156059.8737258,2,3.59,78,11.987931
1580156059.9651900,3,2.57,79,8.560572
1580156060.0526535,0,3.49,80,11.643630
1580156060.1427488,1,4.62,81,15.415289
1580156060.2362408,2,3.49,82,11.643630
1580156060.3285398,3,2.94,83,9.796925
1580156060.4144522,0,3.34,84,11.142829
1580156060.5024310,1,4.25,85,14.178936
1580156060.5926240,2,3.38,86,11.283679
1580156060.6829168,3,3.43,87,11.455829
1580156060.7749398,0,3.20,88,10.688977
1580156060.8708295,1,4.04,89,13.490335
1580156060.9517898,2,3.35,90,11.189779
1580156061.0431715,3,3.56,91,11.878380
1580156061.1348700,0,3.08,92,10.266426
1580156061.2219165,1,3.79,93,12.629582
1580156061.3151108,2,3.46,94,11.534080
1580156061.4029475,3,4.13,95,13.772035
1580156061.4933812,0,3.10,96,10.344676
1580156061.6708618,2,3.42,98,11.424529
1580156061.7579132,3,4.23,99,14.100686
1580156061.8788070,0,3.22,0,10.751578
1580156061.9700978,1,3.25,1,10.829828
1580156062.0678860,2,3.45,2,11.518429
1580156062.1520962,3,4.40,3,14.679738
1580156062.2430422,0,3.25,4,10.829828
1580156062.3325945,1,3.08,5,10.282076
1580156062.4232062,2,3.58,6,11.956631
1580156062.5151680,3,4.77,7,15.900441
1580156062.6031510,0,3.27,8,10.908078
1580156062.7008748,1,2.99,9,9.969076
1580156062.8028080,2,3.69,10,12.316582
1580156062.8792715,3,4.98,11,16.604693
1580156062.9651368,0,3.32,12,11.064578
1580156063.0553940,1,2.43,13,8.122371
1580156063.1506430,2,3.89,14,12.989533
1580156063.2373225,3,5.02,15,16.745543
1580156063.3995470,1,2.59,17,8.654472
1580156063.4802662,2,3.84,18,12.801733
1580156063.5745082,3,4.94,19,16.479492
1580156063.6765580,0,3.36,20,11.205429
1580156063.7538450,1,2.69,21,8.967473
1580156063.8439195,2,3.59,22,11.987931
1580156063.9320052,3,4.84,23,16.150841
1580156064.0258120,0,3.29,24,10.970678
1580156064.1209650,1,2.53,25,8.451022
1580156064.2665035,3,4.76,27,15.869141
1580156064.3566965,0,3.33,28,11.127178
1580156064.4490530,1,2.70,29,8.998773
1580156064.5417405,2,3.37,30,11.236729
1580156064.6352620,3,4.59,31,15.321389
1580156064.7307520,0,3.42,32,11.424529
1580156064.8126112,1,2.74,33,9.155273
1580156064.9029792,2,3.27,34,10.923728
1580156064.9934555,3,4.45,35,14.851888
1580156065.1504898,1,2.88,37,9.593475
1580156065.2428560,2,3.27,38,10.908078
1580156065.4135628,0,3.27,40,10.923728
1580156065.5042562,1,3.00,41,10.016026
1580156065.6600580,3,4.13,43,13.772035
1580156065.7547830,0,3.24,44,10.814178
1580156065.8397492,1,3.24,45,10.798528
1580156065.9293095,2,3.22,46,10.735927
1580156066.0184432,3,3.93,47,13.099084
1580156066.1089888,0,3.28,48,10.939378
1580156066.1991012,1,3.42,49,11.424529
1580156066.2912005,2,3.26,50,10.876778
1580156066.3842982,3,3.64,51,12.144431
1580156066.4743785,0,3.19,52,10.657677
1580156066.5736795,1,3.62,53,12.066181
1580156066.6568150,2,3.32,54,11.064578
1580156066.7444578,3,3.38,55,11.268029
1580156066.8336108,0,3.25,56,10.845478
1580156067.0036722,2,3.37,58,11.236729
1580156067.1186635,3,3.15,59,10.501177
1580156067.2697922,1,4.18,61,13.944186
1580156067.3637808,2,3.36,62,11.205429
1580156067.6205112,1,4.36,65,14.538887
1580156067.7148070,2,3.47,66,11.581030
1580156067.8867680,0,3.87,68,12.926933
1580156067.9748902,1,4.56,69,15.227489
1580156068.1992600,3,2.46,71,8.216271
1580156068.2921618,0,3.98,72,13.286884
1580156068.3824070,1,4.98,73,16.620343
1580156068.4828292,2,3.61,74,12.034881
1580156068.5632630,3,2.17,75,7.230319
1580156068.6565575,0,4.17,76,13.912886
1580156068.7473365,1,5.37,77,17.919296
1580156068.8345482,2,3.63,78,12.097481
1580156068.9296422,3,1.89,79,6.291316
1580156069.0132600,0,4.40,80,14.695388
1580156069.1052985,1,5.51,81,18.388797
1580156069.1957902,2,3.68,82,12.285281
1580156069.2834800,3,1.54,83,5.148863
1580156069.3696325,0,3.94,84,13.130384
1580156069.5266558,2,3.81,86,12.723483
1580156069.6285092,3,1.31,87,4.382011
1580156069.7948842,1,6.52,89,21.769206
1580156069.8828690,2,4.03,90,13.459034
1580156070.0687860,0,4.70,92,15.696990
1580156070.1696618,1,6.05,93,20.188552
1580156070.2437042,2,4.82,94,16.072591
1580156070.3340002,3,0.90,95,3.004808
1580156070.4219778,0,4.98,96,16.604693
1580156070.5129910,1,7.20,97,24.022811
1580156070.6030840,2,4.29,98,14.319787
1580156070.6933622,3,0.79,99,2.644857
1580156070.9871922,2,3.92,2,13.067783
1580156071.0797210,3,1.18,3,3.928160
1580156071.3325952,2,3.72,6,12.410482
1580156071.4237250,3,0.86,7,2.863957
1580156071.5976740,1,6.24,9,20.814553
1580156071.7023498,2,3.64,10,12.160081
1580156072.0133825,2,3.52,14,11.737530
1580156072.1121805,3,1.24,15,4.147261
1580156072.1889788,0,5.60,16,18.670498
1580156072.2790735,1,6.17,17,20.579803
1580156072.3696925,2,3.37,18,11.236729
1580156072.4617932,3,1.51,19,5.054963
1580156072.5517678,0,6.07,20,20.251152
1580156072.6403832,1,6.01,21,20.063351
1580156072.7324740,2,3.16,22,10.532477
1580156072.8864760,0,6.21,24,20.705003
1580156072.9787878,1,6.21,25,20.705003
1580156073.0724420,2,2.97,26,9.922125
1580156073.1895712,3,1.97,27,6.588667
1580156073.2555210,0,6.44,28,21.503155
1580156073.3454860,1,6.21,29,20.705003
1580156073.4357255,2,2.88,30,9.593475
1580156073.5260808,3,2.29,31,7.637220
1580156073.6176280,0,8.30,32,27.700571
1580156073.7176172,1,5.96,33,19.891201
1580156073.8060382,2,2.80,34,9.343074
1580156073.8884082,3,2.46,35,8.200621
1580156073.9803485,0,7.53,36,25.133964
1580156074.0747202,1,6.55,37,21.863106
1580156074.1642612,2,2.81,38,9.390024
1580156074.2536362,3,2.49,39,8.310171
1580156074.3428655,0,8.28,40,27.622321
1580156074.4365865,1,6.24,41,20.814553
1580156074.5238008,2,2.95,42,9.828225
1580156074.6181698,3,2.31,43,7.699820
1580156074.7052735,0,7.12,44,23.772411
1580156074.7952242,1,6.36,45,21.221454
1580156074.9097752,2,3.25,46,10.829828
1580156074.9833768,3,1.83,47,6.119166
1580156075.0726245,0,7.27,48,24.273212
1580156075.1589790,1,6.69,49,22.332607
1580156075.2496420,2,3.66,50,12.222681
1580156075.3400722,3,1.55,51,5.164513
1580156075.4319465,0,6.29,52,21.002354
1580156075.5844808,2,3.47,54,11.581030
1580156075.6787455,3,1.40,55,4.663712
1580156075.7695128,0,6.06,56,20.219852
1580156075.8595175,1,6.19,57,20.642403
1580156075.9499048,2,3.46,58,11.534080
1580156076.0523790,3,1.18,59,3.943810
1580156076.2145638,1,6.16,61,20.548503
1580156076.3025100,2,3.62,62,12.081831
1580156076.3927980,3,0.98,63,3.286508
1580156076.4853685,0,5.40,64,18.013196
1580156076.5729380,1,6.25,65,20.845853
1580156076.6640520,2,5.06,66,16.886393
1580156076.7536012,3,0.85,67,2.848307
1580156076.8440345,0,5.50,68,18.341847
1580156076.9322060,1,6.28,69,20.955404
1580156077.0232202,2,3.91,70,13.052133
1580156077.1178030,3,0.77,71,2.566607
1580156077.2041275,0,5.12,72,17.089844
1580156077.3779388,2,4.44,74,14.820588
1580156077.4691215,3,0.68,75,2.284906
1580156077.6456680,1,6.47,77,21.581405
1580156077.7387260,2,4.34,78,14.491937
1580156078.0185195,1,6.22,81,20.751953
1580156078.1112302,2,4.19,82,13.975486
1580156078.3500288,1,6.32,85,21.080604
1580156078.4394330,2,4.08,86,13.599885
1580156078.5299168,3,1.37,87,4.569812
1580156078.6208290,0,4.37,88,14.570187
1580156078.7129025,1,5.89,89,19.640800
1580156078.8033362,2,4.06,90,13.552935
1580156078.8940215,3,1.58,91,5.258413
1580156078.9821040,0,4.14,92,13.803335
1580156079.0800360,1,5.91,93,19.719050
1580156079.1686528,2,4.21,94,14.053736
1580156079.2525300,3,1.64,95,5.461864
1580156079.3440535,0,4.05,96,13.505985
1580156079.4962548,2,4.47,98,14.930138
1580156079.5921438,3,1.71,99,5.696615
1580156079.7098778,0,3.84,0,12.801733
1580156079.7979875,1,6.17,1,20.579803
1580156080.0086792,3,1.81,3,6.025265
1580156080.0626552,0,3.71,4,12.379182
1580156080.1527998,1,6.51,5,21.722256
1580156080.2525230,2,4.90,6,16.338642
1580156080.3380132,3,1.75,7,5.853115
1580156080.4238468,0,3.84,8,12.801733
1580156080.5125305,1,6.30,9,21.018004
1580156080.6029485,2,5.05,10,16.839443
1580156080.6935512,3,1.70,11,5.665315
1580156080.9324598,2,6.19,14,20.658053
1580156081.0236325,3,1.86,15,6.197416
1580156081.2609188,2,5.44,18,18.138396
1580156081.3514452,3,1.99,19,6.651267
1580156081.5038810,1,6.81,21,22.723858
1580156081.5925172,2,5.54,22,18.498347
1580156081.7477082,0,3.57,24,11.925331
1580156081.8400658,1,6.88,25,22.942959
1580156081.9353635,2,5.80,26,19.343450
1580156082.0192362,3,2.54,27,8.466672
1580156082.1116220,0,3.51,28,11.721880
1580156082.2836490,2,5.74,30,19.155649
1580156082.3743785,3,3.15,31,10.516827
1580156082.6332052,2,5.99,34,19.985101
1580156082.7245690,3,2.74,35,9.139623
1580156082.8962935,1,6.71,37,22.379557
1580156082.9864445,2,5.76,38,19.202599
1580156083.1400452,0,3.72,40,12.410482
1580156083.2303795,1,6.48,41,21.628355
1580156083.3202115,2,5.56,42,18.545297
1580156083.4104755,3,2.19,43,7.308569
1580156083.5003045,0,3.94,44,13.161684
1580156083.6798908,2,5.23,46,17.465445
1580156083.7773888,3,2.44,47,8.153671
1580156083.8601358,0,3.79,48,12.645232
1580156083.9521288,1,6.71,49,22.379557
1580156084.0415252,2,5.02,50,16.761193
1580156084.1320895,3,1.99,51,6.635617
1580156084.2225122,0,3.77,52,12.582632
1580156084.3960085,2,4.97,54,16.589042
1580156084.5161810,3,2.00,55,6.666917
1580156084.5792490,0,3.91,56,13.052133
1580156084.6712685,1,6.44,57,21.503155
1580156084.7624062,2,4.87,58,16.244742
1580156084.8514578,3,1.84,59,6.150466
1580156084.9426775,0,3.63,60,12.113131
1580156085.0310968,1,6.13,61,20.438952
1580156085.1210672,2,4.70,62,15.665690
1580156085.3245862,0,3.60,64,12.019231
1580156085.4150220,1,5.88,65,19.609500
1580156085.5029608,2,4.37,66,14.585837
1580156085.5925252,3,1.90,67,6.338266
1580156085.6945682,0,3.63,68,12.097481
1580156085.7771338,1,5.76,69,19.202599
1580156085.8669005,2,4.12,70,13.740735
1580156085.9587168,3,1.88,71,6.275666
1580156086.0477770,0,3.82,72,12.739133
1580156086.1470662,1,6.20,73,20.673703
1580156086.2346392,2,3.91,74,13.052133
1580156086.3209808,3,1.72,75,5.727915
1580156086.4113948,0,3.93,76,13.099084
1580156086.5012925,1,5.46,77,18.216647
1580156086.5928595,2,3.88,78,12.942583
1580156086.6829405,3,1.51,79,5.023663
1580156086.7745995,0,4.18,80,13.944186
1580156086.8640985,1,5.89,81,19.656450
1580156086.9547998,2,3.88,82,12.942583
1580156087.1893410,1,6.15,85,20.517203
1580156087.2796042,2,4.19,86,13.975486
1580156087.5178470,1,6.57,89,21.910056
1580156087.6075535,2,4.20,90,14.022436
1580156087.7713745,0,4.86,92,16.213442
1580156087.8532055,1,6.62,93,22.082207
1580156088.0360992,3,0.59,95,1.956255
1580156088.1173405,0,5.00,96,16.667293
1580156088.2078470,1,6.33,97,21.127554
1580156088.2986592,2,4.97,98,16.573392
1580156088.3949718,3,0.66,99,2.191006
1580156088.5113605,0,4.86,0,16.213442
1580156088.6020008,1,6.30,1,21.033654
1580156088.6934858,2,4.44,2,14.820588
1580156088.7943798,3,0.53,3,1.768455
1580156088.8987745,0,5.00,4,16.698593
1580156088.9718012,1,6.30,5,21.033654
1580156089.0734248,2,4.47,6,14.898838
1580156089.1603032,3,0.49,7,1.627604
1580156089.2427365,0,5.00,8,16.698593
1580156089.3312905,1,6.64,9,22.160457
1580156089.4219210,2,4.50,10,15.008388
1580156089.5122182,3,0.45,11,1.518054
1580156089.6053438,0,4.94,12,16.495142
1580156089.6932462,1,6.53,13,21.800506
1580156089.8520935,3,0.46,15,1.533704
1580156089.9360092,0,5.05,16,16.855093
1580156090.0469328,1,6.50,17,21.675305
1580156090.1168322,2,4.39,18,14.632787
1580156090.2073142,3,0.42,19,1.392854
1580156090.2977398,0,4.99,20,16.635993
1580156090.4004645,1,6.47,21,21.597055
1580156090.5477992,3,0.40,23,1.330253
1580156090.6324048,0,4.89,24,16.322992
1580156090.7876052,2,4.59,26,15.321389
1580156090.8765365,3,0.47,27,1.565004
1580156091.0509512,1,6.81,29,22.723858
1580156091.1423768,2,4.53,30,15.102289
1580156091.2943172,0,4.84,32,16.135191
1580156091.3872202,1,7.34,33,24.492313
1580156091.4790080,2,4.62,34,15.399639
1580156091.5733615,3,0.52,35,1.721504
1580156091.6659925,0,4.76,36,15.884791
1580156091.7530082,1,7.28,37,24.304512
1580156091.8438022,2,4.64,38,15.493540
1580156091.9972888,0,4.81,40,16.056941
1580156092.0852690,1,6.84,41,22.817758
1580156092.1778068,2,4.64,42,15.477890
1580156092.2699105,3,0.62,43,2.065805
1580156092.3600795,0,4.85,44,16.182141
1580156092.5162082,2,4.65,46,15.509190
1580156092.6028782,3,0.61,47,2.050155
1580156092.8263000,1,6.64,49,22.144807
1580156092.9151930,2,4.94,50,16.479492
1580156093.0683955,0,4.76,52,15.884791
1580156093.1588042,1,6.63,53,22.113507
1580156093.2494765,2,4.74,54,15.822191
1580156093.3410475,3,0.56,55,1.878005
1580156093.4316925,0,4.91,56,16.385592
1580156093.5221262,1,6.80,57,22.676908
1580156093.6125088,2,4.77,58,15.916091
1580156093.7103638,3,0.55,59,1.831055
1580156093.7938598,0,5.10,60,17.027244
1580156093.8850138,1,6.74,61,22.473458
1580156093.9743072,2,4.69,62,15.634390
1580156094.0647808,3,0.46,63,1.533704
1580156094.1547625,0,4.90,64,16.338642
1580156094.2427310,1,6.66,65,22.207407
1580156094.3970415,3,0.48,67,1.596304
1580156094.4869118,0,4.76,68,15.884791
1580156094.6415862,2,4.72,70,15.759590
1580156094.7318902,3,0.48,71,1.596304
1580156094.8210762,0,4.78,72,15.963041
1580156094.9107348,1,6.51,73,21.706606
1580156095.0031240,2,4.78,74,15.947391
1580156095.0960048,3,0.48,75,1.596304
1580156095.1848368,0,4.86,76,16.213442
1580156095.2727960,1,6.76,77,22.551708
1580156095.3634812,2,4.72,78,15.743940
1580156095.5164838,0,5.13,80,17.121144
1580156095.6077165,1,6.36,81,21.221454
1580156095.7027988,2,4.60,82,15.352689
1580156095.7928692,3,0.54,83,1.815405
1580156095.8832058,0,4.79,84,15.994341
1580156096.0620505,2,4.61,86,15.383989
1580156096.1503522,3,0.53,87,1.752804
1580156096.2403738,0,4.98,88,16.620343
