1580155990.8268695,-0.343,1.681,3.036,-0.137,-0.395,-0.131,0.899
1580155990.9598962,-0.36,1.69,3.035,-0.124,-0.393,-0.12,0.903
1580155991.0708650,-0.366,1.688,3.033,-0.125,-0.386,-0.117,0.906
1580155991.1637430,-0.373,1.686,3.032,-0.129,-0.38,-0.116,0.909
1580155991.2623352,-0.384,1.69,3.03,-0.132,-0.377,-0.116,0.909
1580155991.4017828,-0.388,1.688,3.03,-0.136,-0.377,-0.113,0.909
1580155991.5268700,-0.391,1.689,3.032,-0.135,-0.378,-0.111,0.909
1580155991.6277320,-0.39,1.69,3.035,-0.131,-0.38,-0.111,0.909
1580155991.7314355,-0.388,1.69,3.037,-0.127,-0.382,-0.109,0.909
1580155991.8601798,-0.386,1.689,3.041,-0.118,-0.383,-0.103,0.91
1580155991.9604538,-0.383,1.685,3.045,-0.112,-0.384,-0.1,0.911
1580155992.0952992,-0.376,1.676,3.049,-0.108,-0.391,-0.099,0.909
1580155992.1992252,-0.366,1.666,3.051,-0.11,-0.396,-0.1,0.906
1580155992.3263368,-0.351,1.655,3.051,-0.119,-0.395,-0.11,0.904
1580155992.4637482,-0.338,1.65,3.052,-0.123,-0.392,-0.117,0.904
1580155992.5977270,-0.335,1.651,3.054,-0.117,-0.392,-0.112,0.906
1580155992.7258418,-0.337,1.656,3.056,-0.109,-0.395,-0.104,0.906
1580155992.8276028,-0.337,1.656,3.06,-0.105,-0.396,-0.098,0.907
1580155992.9278338,-0.335,1.658,3.063,-0.105,-0.396,-0.095,0.907
1580155993.0579850,-0.331,1.657,3.073,-0.1,-0.405,-0.087,0.905
1580155993.1647918,-0.327,1.656,3.081,-0.099,-0.414,-0.082,0.901
1580155993.2968930,-0.32,1.654,3.091,-0.101,-0.426,-0.078,0.895
1580155993.3957525,-0.313,1.652,3.101,-0.102,-0.436,-0.078,0.891
1580155993.5337385,-0.305,1.651,3.114,-0.101,-0.453,-0.073,0.883
1580155993.6264755,-0.294,1.647,3.128,-0.1,-0.467,-0.068,0.876
1580155993.7606022,-0.283,1.643,3.141,-0.105,-0.478,-0.066,0.87
1580155993.8932880,-0.275,1.639,3.152,-0.106,-0.481,-0.065,0.868
1580155993.9947088,-0.268,1.634,3.154,-0.107,-0.477,-0.066,0.87
1580155994.0945630,-0.257,1.627,3.145,-0.113,-0.473,-0.07,0.871
1580155994.1961485,-0.238,1.619,3.127,-0.123,-0.474,-0.075,0.869
1580155994.3264148,-0.203,1.608,3.085,-0.13,-0.472,-0.078,0.868
1580155994.4648880,-0.151,1.59,3.023,-0.148,-0.472,-0.081,0.865
1580155994.5687235,-0.111,1.583,2.97,-0.148,-0.474,-0.063,0.866
1580155994.6913540,-0.041,1.595,2.893,-0.158,-0.477,-0.072,0.861
1580155994.7968360,-0.004,1.616,2.847,-0.143,-0.483,-0.062,0.862
1580155994.9265745,0.062,1.621,2.789,-0.14,-0.495,-0.063,0.855
1580155995.0296720,0.111,1.619,2.752,-0.141,-0.493,-0.066,0.856
1580155995.1575095,0.185,1.606,2.698,-0.139,-0.488,-0.06,0.86
1580155995.2588965,0.251,1.593,2.655,-0.134,-0.477,-0.066,0.866
1580155995.3986188,0.353,1.596,2.597,-0.133,-0.467,-0.08,0.871
1580155995.5237800,0.456,1.604,2.531,-0.126,-0.451,-0.084,0.879
1580155995.6620885,0.552,1.604,2.461,-0.13,-0.453,-0.073,0.879
1580155995.7913258,0.656,1.579,2.376,-0.144,-0.437,-0.07,0.885
1580155995.8957435,0.74,1.555,2.305,-0.148,-0.435,-0.064,0.886
1580155996.0288298,0.855,1.551,2.204,-0.139,-0.436,-0.068,0.886
1580155996.1258148,0.947,1.565,2.129,-0.158,-0.435,-0.082,0.882
1580155996.2654095,1.059,1.583,2.052,-0.158,-0.454,-0.077,0.873
1580155996.3936572,1.173,1.581,1.986,-0.145,-0.462,-0.09,0.871
1580155996.4937022,1.268,1.571,1.93,-0.129,-0.474,-0.081,0.867
1580155996.5965015,1.373,1.564,1.869,-0.108,-0.463,-0.079,0.876
1580155996.7267598,1.515,1.578,1.792,-0.11,-0.456,-0.097,0.878
1580155996.8245458,1.609,1.591,1.734,-0.11,-0.452,-0.094,0.88
1580155996.9273030,1.7,1.597,1.68,-0.107,-0.46,-0.083,0.878
1580155997.0351792,1.795,1.587,1.624,-0.108,-0.466,-0.072,0.875
1580155997.1558722,1.918,1.572,1.543,-0.096,-0.473,-0.062,0.873
1580155997.2611532,2.012,1.574,1.476,-0.098,-0.482,-0.056,0.869
1580155997.4035968,2.128,1.587,1.398,-0.108,-0.495,-0.05,0.86
1580155997.5238025,2.239,1.588,1.326,-0.119,-0.5,-0.057,0.856
1580155997.6249002,2.328,1.576,1.271,-0.121,-0.498,-0.061,0.857
1580155997.7680200,2.458,1.555,1.191,-0.105,-0.482,-0.057,0.868
1580155997.8944088,2.596,1.563,1.115,-0.103,-0.476,-0.074,0.87
1580155997.9944352,2.686,1.576,1.057,-0.09,-0.45,-0.072,0.886
1580155998.1294345,2.794,1.586,0.984,-0.098,-0.45,-0.072,0.885
1580155998.2649158,2.901,1.576,0.919,-0.094,-0.45,-0.066,0.886
1580155998.3961100,3.01,1.559,0.846,-0.09,-0.465,-0.054,0.879
1580155998.5234682,3.117,1.568,0.765,-0.105,-0.492,-0.037,0.863
1580155998.6267795,3.192,1.579,0.718,-0.096,-0.498,-0.016,0.861
1580155998.7547928,3.294,1.589,0.674,-0.098,-0.497,-0.042,0.861
1580155998.8560845,3.367,1.587,0.627,-0.092,-0.484,-0.052,0.868
1580155998.9592498,3.429,1.58,0.581,-0.074,-0.477,-0.035,0.875
1580155999.0958030,3.521,1.572,0.52,-0.061,-0.438,-0.031,0.896
1580155999.2243165,3.611,1.585,0.451,-0.066,-0.401,-0.039,0.913
1580155999.3308678,3.658,1.588,0.405,-0.052,-0.332,-0.044,0.941
1580155999.4336688,3.682,1.592,0.361,-0.078,-0.296,-0.046,0.951
1580155999.5590892,3.703,1.582,0.31,-0.073,-0.239,-0.036,0.968
1580155999.6910075,3.711,1.581,0.258,-0.074,-0.197,-0.026,0.977
1580155999.7908382,3.707,1.59,0.226,-0.061,-0.155,-0.006,0.986
1580155999.8960870,3.7,1.598,0.193,-0.052,-0.101,0.016,0.993
1580156000.0233880,3.682,1.597,0.167,-0.049,-0.016,0.022,0.998
1580156000.1260102,3.679,1.592,0.152,-0.061,0.043,0.025,0.997
1580156000.2614832,3.673,1.582,0.164,-0.052,0.156,0.029,0.986
1580156000.3921005,3.674,1.571,0.181,-0.064,0.257,0.032,0.964
1580156000.4977008,3.678,1.556,0.204,-0.069,0.317,0.035,0.945
1580156000.6446785,3.683,1.551,0.221,-0.093,0.345,0.038,0.933
1580156000.7220488,3.682,1.55,0.236,-0.105,0.398,0.028,0.911
1580156000.8573732,3.662,1.553,0.244,-0.094,0.429,0.027,0.898
1580156000.9904552,3.629,1.547,0.233,-0.103,0.438,0.023,0.893
1580156001.1052422,3.591,1.542,0.215,-0.102,0.423,0.029,0.9
1580156001.2275038,3.534,1.54,0.184,-0.088,0.384,0.033,0.919
1580156001.3571895,3.471,1.551,0.146,-0.085,0.342,0.03,0.935
1580156001.4581285,3.427,1.562,0.123,-0.076,0.313,0.029,0.946
1580156001.5905958,3.371,1.567,0.083,-0.09,0.278,0.034,0.956
1580156001.6974320,3.338,1.569,0.049,-0.08,0.262,0.043,0.961
1580156001.8280765,3.307,1.562,-0.015,-0.084,0.24,0.046,0.966
1580156001.9600962,3.264,1.552,-0.091,-0.082,0.253,0.035,0.963
1580156002.0620570,3.227,1.556,-0.152,-0.065,0.263,0.024,0.962
1580156002.1927502,3.187,1.578,-0.235,-0.057,0.26,0.016,0.964
1580156002.2971830,3.157,1.581,-0.296,-0.065,0.277,0.015,0.959
1580156002.3989898,3.127,1.588,-0.355,-0.073,0.274,0.013,0.959
1580156002.5232452,3.084,1.581,-0.436,-0.078,0.261,0.019,0.962
1580156002.6580318,3.04,1.577,-0.506,-0.074,0.24,0.021,0.968
1580156002.7619768,2.999,1.585,-0.555,-0.063,0.23,0.032,0.971
1580156002.8979835,2.953,1.611,-0.61,-0.035,0.226,0.036,0.973
1580156003.0235852,2.914,1.622,-0.661,-0.043,0.227,0.031,0.972
1580156003.1278492,2.886,1.624,-0.689,-0.04,0.258,0.031,0.965
1580156003.2626308,2.839,1.621,-0.728,-0.041,0.335,0.039,0.94
1580156003.3554620,2.803,1.621,-0.745,-0.033,0.425,0.036,0.904
1580156003.4566208,2.766,1.625,-0.752,-0.028,0.515,0.045,0.856
1580156003.5616088,2.753,1.625,-0.736,-0.013,0.601,0.053,0.798
1580156003.6912575,2.741,1.615,-0.715,-0.022,0.705,0.071,0.705
1580156003.7929685,2.749,1.603,-0.688,-0.025,0.763,0.085,0.641
1580156003.8955412,2.756,1.595,-0.664,-0.029,0.808,0.091,0.581
1580156004.0207242,2.761,1.594,-0.639,-0.044,0.844,0.092,0.527
1580156004.1238478,2.769,1.598,-0.627,-0.036,0.855,0.09,0.509
1580156004.2571680,2.76,1.599,-0.614,-0.029,0.85,0.091,0.517
1580156004.3635850,2.743,1.59,-0.597,-0.033,0.846,0.096,0.523
1580156004.4920978,2.722,1.588,-0.568,-0.031,0.839,0.094,0.535
1580156004.5946968,2.704,1.59,-0.533,-0.032,0.833,0.092,0.545
1580156004.6980998,2.687,1.592,-0.49,-0.037,0.832,0.089,0.546
1580156004.8217642,2.663,1.597,-0.422,-0.041,0.83,0.098,0.548
1580156004.9233920,2.647,1.596,-0.374,-0.039,0.83,0.107,0.545
1580156005.0257362,2.627,1.593,-0.325,-0.031,0.832,0.12,0.541
1580156005.1620695,2.585,1.583,-0.263,-0.022,0.843,0.139,0.519
1580156005.2908895,2.528,1.567,-0.199,-0.027,0.858,0.146,0.493
1580156005.4034760,2.476,1.554,-0.147,-0.027,0.869,0.136,0.474
1580156005.5214442,2.391,1.55,-0.058,-0.032,0.884,0.122,0.449
1580156005.6556845,2.306,1.565,0.007,-0.038,0.895,0.093,0.435
1580156005.7608852,2.237,1.578,0.05,-0.05,0.893,0.087,0.439
1580156005.8933798,2.147,1.581,0.108,-0.053,0.891,0.087,0.441
1580156006.0204128,2.05,1.564,0.176,-0.059,0.881,0.094,0.46
1580156006.1232678,1.981,1.558,0.234,-0.057,0.875,0.093,0.472
1580156006.2260698,1.911,1.574,0.294,-0.058,0.868,0.104,0.483
1580156006.3615078,1.821,1.599,0.365,-0.039,0.855,0.097,0.508
1580156006.4895630,1.728,1.606,0.418,-0.049,0.85,0.088,0.518
1580156006.6213770,1.619,1.593,0.48,-0.054,0.846,0.089,0.523
1580156006.7232585,1.532,1.581,0.525,-0.05,0.853,0.084,0.512
1580156006.8230918,1.438,1.578,0.568,-0.045,0.863,0.075,0.498
1580156006.9567108,1.312,1.594,0.625,-0.04,0.86,0.068,0.504
1580156007.1021118,1.197,1.606,0.693,-0.044,0.862,0.073,0.499
1580156007.2223720,1.097,1.61,0.762,-0.039,0.869,0.076,0.488
1580156007.3254028,1.02,1.605,0.814,-0.032,0.866,0.069,0.494
1580156007.4553612,0.914,1.606,0.886,-0.028,0.863,0.053,0.501
1580156007.5919320,0.806,1.623,0.962,-0.032,0.85,0.054,0.523
1580156007.7224212,0.706,1.635,1.026,-0.031,0.842,0.05,0.536
1580156007.8235200,0.633,1.638,1.071,-0.033,0.838,0.05,0.542
1580156007.9655978,0.532,1.631,1.139,-0.02,0.838,0.048,0.543
1580156008.0860970,0.422,1.622,1.203,-0.013,0.84,0.027,0.542
1580156008.1984322,0.33,1.625,1.249,-0.029,0.838,0.018,0.545
1580156008.3231150,0.224,1.639,1.32,-0.043,0.845,0.014,0.532
1580156008.4587090,0.145,1.648,1.388,-0.04,0.849,0.022,0.526
1580156008.5963275,0.061,1.646,1.445,-0.039,0.846,0.018,0.531
1580156008.7263425,-0.014,1.641,1.499,-0.037,0.837,0.012,0.545
1580156008.8259565,-0.071,1.644,1.548,-0.038,0.834,0.016,0.55
1580156008.9571938,-0.139,1.656,1.6,-0.04,0.83,0.012,0.557
1580156009.0628095,-0.192,1.662,1.637,-0.046,0.83,0.017,0.556
1580156009.1934230,-0.259,1.664,1.685,-0.038,0.836,0.029,0.546
1580156009.3229442,-0.336,1.664,1.741,-0.023,0.855,0.034,0.517
1580156009.4544418,-0.403,1.671,1.8,-0.008,0.884,0.041,0.466
1580156009.5629205,-0.435,1.679,1.843,-0.004,0.909,0.038,0.416
1580156009.6951435,-0.446,1.683,1.901,0.013,0.944,0.033,0.327
1580156009.8202975,-0.422,1.679,1.952,0.025,0.97,0.032,0.238
1580156009.9566518,-0.354,1.674,1.987,0.043,0.988,0.034,0.142
1580156010.0921192,-0.27,1.667,2.005,0.05,0.997,0.033,0.049
1580156010.2227410,-0.19,1.666,2.018,-0.051,-0.998,-0.034,0.014
1580156010.3666918,-0.1,1.662,2.027,-0.051,-0.996,-0.033,0.062
1580156010.4958280,-0.001,1.654,2.038,-0.057,-0.991,-0.041,0.115
1580156010.6254115,0.077,1.647,2.059,-0.058,-0.984,-0.061,0.158
1580156010.7219062,0.119,1.642,2.073,-0.066,-0.979,-0.074,0.178
1580156010.8579385,0.158,1.632,2.117,-0.079,-0.974,-0.085,0.196
1580156010.9560722,0.183,1.616,2.167,-0.081,-0.972,-0.096,0.201
1580156011.0951510,0.199,1.593,2.25,-0.069,-0.972,-0.104,0.199
1580156011.2238638,0.207,1.58,2.356,-0.056,-0.973,-0.105,0.199
1580156011.3597218,0.207,1.593,2.457,-0.033,-0.98,-0.096,0.172
1580156011.4910795,0.218,1.6,2.556,-0.034,-0.981,-0.094,0.164
1580156011.5936468,0.233,1.595,2.631,-0.032,-0.98,-0.097,0.168
1580156011.7216035,0.26,1.58,2.74,-0.04,-0.981,-0.099,0.162
1580156011.8250928,0.284,1.57,2.821,-0.044,-0.98,-0.088,0.171
1580156011.9567658,0.323,1.568,2.952,-0.061,-0.978,-0.087,0.181
1580156012.0639495,0.352,1.584,3.045,-0.063,-0.976,-0.092,0.188
1580156012.1966798,0.382,1.599,3.156,-0.061,-0.975,-0.093,0.195
1580156012.2940880,0.406,1.594,3.242,-0.055,-0.968,-0.098,0.223
1580156012.4201218,0.443,1.576,3.367,-0.062,-0.962,-0.098,0.249
1580156012.5578090,0.478,1.565,3.494,-0.064,-0.956,-0.074,0.277
1580156012.6578382,0.506,1.575,3.6,-0.062,-0.953,-0.088,0.283
1580156012.7553270,0.539,1.586,3.692,-0.048,-0.939,-0.078,0.331
1580156012.9005358,0.596,1.59,3.799,-0.049,-0.927,-0.084,0.361
1580156013.0195740,0.656,1.58,3.887,-0.051,-0.918,-0.073,0.387
1580156013.1339430,0.708,1.569,3.962,-0.047,-0.915,-0.067,0.395
1580156013.2548268,0.781,1.576,4.052,-0.051,-0.918,-0.07,0.386
1580156013.3527070,0.826,1.585,4.115,-0.053,-0.922,-0.066,0.378
1580156013.4903032,0.876,1.587,4.214,-0.045,-0.928,-0.092,0.359
1580156013.5884425,0.908,1.58,4.28,-0.039,-0.928,-0.099,0.357
1580156013.6911210,0.946,1.567,4.354,-0.035,-0.929,-0.099,0.355
1580156013.8196750,0.991,1.56,4.451,-0.025,-0.931,-0.073,0.356
1580156013.9188010,1.018,1.567,4.526,-0.021,-0.939,-0.068,0.335
1580156014.0571030,1.042,1.578,4.598,-0.02,-0.944,-0.057,0.325
1580156014.1571888,1.042,1.583,4.651,-0.018,-0.956,-0.059,0.286
1580156014.2892375,1.025,1.576,4.718,-0.022,-0.977,-0.068,0.201
1580156014.3906230,1.007,1.564,4.77,-0.015,-0.989,-0.089,0.115
1580156014.5270772,0.975,1.561,4.815,0.008,0.996,0.088,0.03
1580156014.6618882,0.937,1.567,4.833,-0.009,0.975,0.092,0.2
1580156014.7898375,0.914,1.564,4.816,-0.014,0.937,0.099,0.334
1580156014.9220282,0.894,1.556,4.766,-0.037,0.879,0.123,0.459
1580156015.0522715,0.884,1.556,4.684,-0.048,0.811,0.129,0.568
1580156015.1589935,0.892,1.558,4.603,-0.055,0.761,0.116,0.636
1580156015.2869442,0.903,1.562,4.491,-0.058,0.706,0.082,0.701
1580156015.3938938,0.898,1.553,4.409,-0.064,0.675,0.063,0.733
1580156015.5204082,0.898,1.551,4.291,-0.069,0.636,0.045,0.768
1580156015.6587480,0.894,1.551,4.187,-0.072,0.596,0.035,0.799
1580156015.7589728,0.89,1.554,4.124,-0.078,0.562,0.029,0.823
1580156015.8927752,0.88,1.55,4.061,-0.093,0.5,0.018,0.861
1580156016.0224985,0.851,1.547,3.997,-0.106,0.452,0.02,0.885
1580156016.1199332,0.81,1.543,3.942,-0.106,0.428,0.027,0.897
1580156016.2706288,0.744,1.544,3.874,-0.078,0.417,0.04,0.905
1580156016.3906658,0.676,1.568,3.799,-0.079,0.397,0.052,0.913
1580156016.5219430,0.626,1.584,3.711,-0.082,0.368,0.048,0.925
1580156016.6237028,0.588,1.585,3.652,-0.088,0.359,0.041,0.928
1580156016.7554540,0.522,1.571,3.56,-0.085,0.343,0.048,0.934
1580156016.8948905,0.467,1.561,3.472,-0.067,0.355,0.034,0.932
1580156017.0175420,0.41,1.575,3.372,-0.079,0.359,0.015,0.93
1580156017.1192960,0.368,1.579,3.307,-0.077,0.394,-0.002,0.916
1580156017.2513548,0.315,1.585,3.23,-0.106,0.37,0.006,0.923
1580156017.3635472,0.278,1.584,3.173,-0.11,0.373,0.008,0.921
1580156017.4888760,0.217,1.577,3.094,-0.104,0.351,0.015,0.93
1580156017.6177870,0.146,1.583,3.023,-0.087,0.339,0.03,0.936
1580156017.7174095,0.092,1.601,2.961,-0.094,0.306,0.046,0.946
1580156017.8231832,0.052,1.613,2.904,-0.081,0.281,0.049,0.955
1580156017.9512312,0.017,1.621,2.827,-0.096,0.24,0.034,0.965
1580156018.0539342,-0.009,1.617,2.778,-0.09,0.236,0.031,0.967
1580156018.1926895,-0.046,1.61,2.701,-0.079,0.234,0.018,0.969
1580156018.3164585,-0.064,1.612,2.623,-0.076,0.228,-0.012,0.971
1580156018.4227680,-0.065,1.622,2.57,-0.083,0.197,-0.039,0.976
1580156018.5517515,-0.063,1.627,2.51,-0.092,0.143,-0.055,0.984
1580156018.6953880,-0.032,1.623,2.478,-0.091,0.062,-0.06,0.992
1580156018.8180550,-0.001,1.615,2.462,-0.105,-0.065,-0.065,0.99
1580156018.9180435,0.019,1.614,2.468,-0.112,-0.163,-0.07,0.978
1580156019.0564828,0.033,1.622,2.483,-0.118,-0.277,-0.069,0.951
1580156019.1586278,0.03,1.627,2.499,-0.112,-0.341,-0.061,0.931
1580156019.2861535,0.033,1.622,2.502,-0.126,-0.408,-0.052,0.903
1580156019.3909152,0.048,1.615,2.499,-0.133,-0.429,-0.054,0.892
1580156019.5183322,0.092,1.597,2.485,-0.14,-0.444,-0.065,0.883
1580156019.6604298,0.189,1.609,2.472,-0.142,-0.437,-0.083,0.884
1580156019.7546882,0.27,1.695,2.523,-0.134,-0.433,-0.084,0.887
1580156019.8572318,0.326,1.717,2.523,-0.124,-0.437,-0.086,0.887
1580156019.9874745,0.386,1.729,2.535,-0.117,-0.432,-0.091,0.89
1580156020.1183848,0.445,1.733,2.535,-0.117,-0.441,-0.093,0.885
1580156020.2588080,0.502,1.726,2.528,-0.123,-0.454,-0.113,0.875
1580156020.3857912,0.568,1.712,2.503,-0.134,-0.466,-0.119,0.866
1580156020.5183385,0.625,1.706,2.451,-0.137,-0.475,-0.1,0.864
1580156020.6219475,0.673,1.709,2.401,-0.128,-0.481,-0.076,0.864
1580156020.7509462,0.745,1.731,2.329,-0.142,-0.494,-0.064,0.855
1580156020.8849182,0.807,1.742,2.263,-0.14,-0.504,-0.045,0.851
1580156020.9873330,0.859,1.74,2.222,-0.152,-0.508,-0.063,0.845
1580156021.0901352,0.912,1.731,2.18,-0.16,-0.508,-0.066,0.844
1580156021.2175730,0.993,1.709,2.119,-0.162,-0.5,-0.074,0.848
1580156021.3494865,1.09,1.69,2.058,-0.153,-0.497,-0.074,0.851
1580156021.4519052,1.173,1.688,2.011,-0.158,-0.486,-0.089,0.855
1580156021.5573265,1.24,1.7,1.967,-0.143,-0.478,-0.083,0.863
1580156021.6623530,1.307,1.705,1.919,-0.143,-0.46,-0.088,0.872
1580156021.7913960,1.392,1.708,1.854,-0.144,-0.455,-0.084,0.874
1580156021.8873728,1.457,1.701,1.801,-0.145,-0.456,-0.074,0.875
1580156021.9907150,1.523,1.693,1.739,-0.138,-0.458,-0.065,0.876
1580156022.0927395,1.586,1.698,1.677,-0.13,-0.465,-0.052,0.874
1580156022.1945602,1.651,1.716,1.617,-0.137,-0.487,-0.053,0.861
1580156022.3171795,1.734,1.732,1.559,-0.129,-0.508,-0.048,0.85
1580156022.4175760,1.798,1.734,1.518,-0.127,-0.528,-0.058,0.838
1580156022.5197748,1.862,1.727,1.477,-0.128,-0.536,-0.059,0.833
1580156022.6592745,1.961,1.71,1.419,-0.123,-0.528,-0.058,0.838
1580156022.7945550,2.069,1.711,1.361,-0.124,-0.534,-0.072,0.833
1580156022.8918405,2.137,1.725,1.326,-0.105,-0.52,-0.078,0.844
1580156023.0209660,2.227,1.732,1.258,-0.105,-0.506,-0.078,0.852
1580156023.1550562,2.307,1.726,1.205,-0.098,-0.486,-0.087,0.864
1580156023.2908632,2.397,1.711,1.14,-0.101,-0.484,-0.087,0.865
1580156023.4185792,2.48,1.705,1.063,-0.088,-0.488,-0.065,0.866
1580156023.5642652,2.566,1.725,0.983,-0.098,-0.5,-0.051,0.859
1580156023.6935240,2.648,1.737,0.921,-0.098,-0.509,-0.041,0.854
1580156023.8178235,2.727,1.735,0.867,-0.103,-0.514,-0.054,0.85
1580156023.9547622,2.81,1.72,0.811,-0.098,-0.511,-0.055,0.852
1580156024.0874440,2.907,1.705,0.754,-0.084,-0.503,-0.048,0.859
1580156024.1867018,2.985,1.706,0.718,-0.07,-0.498,-0.056,0.863
1580156024.2896808,3.056,1.723,0.684,-0.054,-0.499,-0.051,0.863
1580156024.3875470,3.124,1.728,0.648,-0.052,-0.483,-0.049,0.873
1580156024.4904280,3.179,1.734,0.611,-0.059,-0.491,-0.041,0.868
1580156024.6170682,3.257,1.726,0.566,-0.07,-0.498,-0.041,0.863
1580156024.7177930,3.315,1.72,0.535,-0.067,-0.523,-0.037,0.849
1580156024.8505280,3.395,1.717,0.49,-0.059,-0.564,-0.037,0.823
1580156024.9522670,3.455,1.728,0.461,-0.054,-0.599,-0.035,0.798
1580156025.0578288,3.509,1.746,0.434,-0.05,-0.634,-0.032,0.771
1580156025.1889108,3.566,1.759,0.416,-0.042,-0.681,-0.026,0.73
1580156025.3270320,3.615,1.759,0.416,-0.061,-0.746,-0.031,0.662
1580156025.4719115,3.64,1.754,0.432,-0.078,-0.786,-0.039,0.612
1580156025.5515930,3.651,1.752,0.458,-0.091,-0.834,-0.044,0.542
1580156025.6874875,3.647,1.75,0.494,-0.097,-0.871,-0.051,0.479
1580156025.8171658,3.627,1.745,0.54,-0.096,-0.894,-0.063,0.434
1580156025.9531635,3.597,1.738,0.596,-0.093,-0.905,-0.073,0.41
1580156026.0514965,3.572,1.737,0.642,-0.089,-0.907,-0.076,0.405
1580156026.1882785,3.552,1.738,0.706,-0.075,-0.897,-0.062,0.43
1580156026.3199788,3.548,1.747,0.759,-0.067,-0.885,-0.058,0.457
1580156026.4505368,3.546,1.75,0.817,-0.063,-0.876,-0.058,0.475
1580156026.5829912,3.56,1.752,0.877,-0.054,-0.871,-0.074,0.483
1580156026.6956522,3.578,1.752,0.917,-0.049,-0.869,-0.071,0.487
1580156026.8159905,3.618,1.746,0.972,-0.053,-0.865,-0.059,0.495
1580156026.9202852,3.653,1.74,1.021,-0.065,-0.858,-0.031,0.508
1580156027.0570612,3.714,1.736,1.094,-0.08,-0.838,0,0.54
1580156027.1957138,3.781,1.746,1.175,-0.096,-0.807,-0.013,0.583
1580156027.3202755,3.827,1.766,1.234,-0.095,-0.786,-0.012,0.61
1580156027.4150978,3.852,1.781,1.253,-0.094,-0.768,-0.01,0.634
1580156027.5498818,3.873,1.794,1.265,-0.096,-0.734,0.013,0.673
1580156027.6480600,3.88,1.794,1.271,-0.095,-0.706,0.026,0.702
1580156027.7543748,3.892,1.789,1.287,-0.091,-0.676,0.021,0.731
1580156027.8865600,3.923,1.781,1.32,-0.092,-0.644,0.003,0.76
1580156027.9968940,3.951,1.778,1.359,-0.086,-0.633,-0.002,0.77
1580156028.0924752,3.981,1.769,1.411,-0.074,-0.623,-0.001,0.779
1580156028.1951168,4.027,1.756,1.479,-0.068,-0.617,0.002,0.784
1580156028.3157308,4.103,1.741,1.592,-0.073,-0.63,-0.004,0.773
1580156028.4160518,4.148,1.742,1.683,-0.075,-0.653,-0.01,0.753
1580156028.5269710,4.19,1.754,1.767,-0.081,-0.677,-0.029,0.731
1580156028.6579205,4.231,1.778,1.857,-0.071,-0.701,-0.027,0.709
1580156028.7840762,4.262,1.801,1.931,-0.057,-0.736,-0.009,0.674
1580156028.8838442,4.29,1.815,1.982,-0.056,-0.765,-0.006,0.642
1580156028.9851852,4.313,1.826,2.021,-0.051,-0.789,-0.005,0.612
1580156029.1159455,4.36,1.835,2.073,-0.053,-0.807,-0.012,0.588
1580156029.2560435,4.417,1.837,2.109,-0.07,-0.824,-0.016,0.563
1580156029.3912110,4.468,1.838,2.142,-0.088,-0.849,-0.008,0.522
1580156029.5165148,4.521,1.839,2.173,-0.105,-0.86,-0.021,0.499
1580156029.6494518,4.558,1.832,2.194,-0.122,-0.876,-0.018,0.466
1580156029.7892098,4.573,1.817,2.226,-0.127,-0.891,-0.041,0.433
1580156029.9141512,4.556,1.797,2.251,-0.135,-0.912,-0.048,0.385
1580156030.0141548,4.521,1.789,2.266,-0.135,-0.931,-0.047,0.335
1580156030.1165325,4.471,1.786,2.281,-0.127,-0.951,-0.05,0.276
1580156030.2551472,4.389,1.788,2.292,-0.11,-0.976,-0.052,0.181
1580156030.3871518,4.297,1.787,2.292,-0.089,-0.992,-0.038,0.083
1580156030.5190868,4.2,1.787,2.284,0.059,0.998,0.038,0.006
1580156030.6487822,4.104,1.786,2.277,0.037,0.996,0.039,0.065
1580156030.7551892,4.036,1.784,2.275,0.017,0.994,0.042,0.099
1580156030.8920670,3.95,1.786,2.278,0.002,0.99,0.041,0.134
1580156031.0150760,3.885,1.793,2.283,0.006,0.984,0.03,0.176
1580156031.1503078,3.828,1.799,2.293,0.008,0.975,0.019,0.221
1580156031.2833152,3.783,1.798,2.32,0.015,0.963,0.016,0.267
1580156031.3846432,3.749,1.791,2.353,0.019,0.955,0.022,0.294
1580156031.4872965,3.711,1.781,2.398,0.029,0.943,0.029,0.329
1580156031.5931858,3.668,1.77,2.453,0.034,0.932,0.035,0.36
1580156031.7189875,3.612,1.769,2.543,0.027,0.925,0.041,0.377
1580156031.8177040,3.583,1.782,2.605,0.034,0.924,0.044,0.379
1580156031.9538320,3.552,1.793,2.666,0.053,0.921,0.038,0.383
1580156032.0835155,3.517,1.792,2.702,0.065,0.909,0.053,0.408
1580156032.1894992,3.486,1.79,2.718,0.077,0.9,0.066,0.423
1580156032.3149815,3.437,1.786,2.728,0.076,0.901,0.08,0.42
1580156032.4162945,3.395,1.786,2.742,0.071,0.914,0.072,0.394
1580156032.5609505,3.338,1.795,2.756,0.071,0.934,0.046,0.348
1580156032.6805700,3.265,1.813,2.767,0.071,0.942,0.043,0.326
1580156032.7837028,3.218,1.83,2.768,0.081,0.951,0.021,0.297
1580156032.9158035,3.162,1.849,2.789,0.079,0.954,0.018,0.29
1580156033.0547895,3.101,1.871,2.827,0.077,0.955,0.025,0.286
1580156033.1859395,3.039,1.904,2.882,0.071,0.953,0.031,0.292
1580156033.3175742,2.985,1.949,2.942,0.082,0.948,0.037,0.304
1580156033.4575512,2.927,1.992,3,0.104,0.94,0.033,0.323
1580156033.5879532,2.869,2.018,3.034,0.116,0.928,0.024,0.354
1580156033.6936980,2.828,2.019,3.043,0.115,0.923,0.023,0.367
1580156033.8149722,2.784,2.006,3.048,0.122,0.915,0.023,0.385
1580156033.9148502,2.758,1.996,3.042,0.115,0.914,0.035,0.387
1580156034.0189958,2.736,1.995,3.018,0.1,0.916,0.037,0.387
1580156034.1471908,2.713,2.002,2.96,0.085,0.917,0.023,0.39
1580156034.2473158,2.693,2.003,2.897,0.071,0.919,0.01,0.387
1580156034.3838112,2.682,2,2.781,0.061,0.921,-0.015,0.385
1580156034.4848822,2.666,1.987,2.68,0.062,0.915,-0.028,0.397
1580156034.5859700,2.638,1.971,2.577,0.068,0.902,-0.038,0.425
1580156034.7191518,2.588,1.951,2.453,0.062,0.868,-0.029,0.492
1580156034.8508060,2.539,1.928,2.338,0.056,0.81,-0.008,0.584
1580156034.9503168,2.501,1.907,2.253,0.041,0.756,0.014,0.654
1580156035.0853355,2.451,1.875,2.137,0.012,0.672,0.05,0.739
1580156035.2171542,2.407,1.841,2.017,-0.017,0.594,0.079,0.801
1580156035.3518285,2.362,1.814,1.913,-0.033,0.551,0.09,0.829
1580156035.4553902,2.329,1.8,1.839,-0.015,0.528,0.094,0.844
1580156035.5864638,2.268,1.788,1.735,-0.057,0.504,0.113,0.854
1580156035.7227912,2.255,1.791,1.665,-0.061,0.468,0.116,0.874
1580156035.8497185,2.225,1.787,1.585,-0.093,0.468,0.099,0.873
1580156035.9833218,2.187,1.784,1.527,-0.088,0.486,0.091,0.865
1580156036.0829102,2.14,1.775,1.491,-0.069,0.519,0.092,0.847
1580156036.2153312,2.07,1.769,1.444,-0.059,0.592,0.081,0.799
1580156036.3496540,1.991,1.787,1.415,-0.066,0.673,0.086,0.731
1580156036.4845642,1.937,1.794,1.432,-0.063,0.75,0.08,0.653
1580156036.5843005,1.896,1.788,1.44,-0.074,0.788,0.088,0.605
1580156036.7152982,1.86,1.79,1.47,-0.076,0.813,0.093,0.569
1580156036.8503530,1.83,1.823,1.497,-0.067,0.819,0.083,0.564
1580156036.9886498,1.811,1.889,1.513,-0.043,0.826,0.05,0.56
1580156037.1146345,1.813,1.984,1.515,-0.008,0.838,-0.004,0.545
1580156037.2180492,1.81,2.058,1.518,-0.003,0.853,-0.029,0.521
1580156037.3476252,1.8,2.158,1.523,0.002,0.864,-0.028,0.503
1580156037.4464365,1.799,2.225,1.524,0.015,0.864,-0.024,0.502
1580156037.5812768,1.801,2.301,1.519,0.025,0.858,-0.022,0.513
1580156037.6788430,1.798,2.356,1.513,0.022,0.854,-0.019,0.52
1580156037.7907478,1.794,2.4,1.506,0.017,0.846,-0.014,0.533
1580156037.9131758,1.811,2.454,1.487,0.007,0.818,-0.04,0.574
1580156038.0129235,1.829,2.49,1.482,0.004,0.807,-0.063,0.587
1580156038.1510860,1.839,2.52,1.468,0.001,0.793,-0.081,0.604
1580156038.2867492,1.845,2.539,1.455,-0.008,0.77,-0.103,0.629
1580156038.3888035,1.85,2.543,1.452,-0.005,0.76,-0.113,0.64
1580156038.5138458,1.844,2.532,1.448,-0.004,0.767,-0.115,0.631
1580156038.6536892,1.825,2.516,1.45,-0.004,0.768,-0.102,0.633
1580156038.7978015,1.814,2.501,1.45,0.005,0.768,-0.097,0.633
1580156038.8820962,1.807,2.468,1.449,0.013,0.769,-0.101,0.631
1580156038.9839390,1.803,2.432,1.452,0.033,0.779,-0.103,0.617
1580156039.1133400,1.795,2.361,1.46,0.072,0.802,-0.105,0.584
1580156039.2132430,1.789,2.287,1.468,0.091,0.81,-0.105,0.57
1580156039.3127165,1.783,2.202,1.479,0.096,0.825,-0.105,0.546
1580156039.4473305,1.776,2.092,1.492,0.079,0.839,-0.088,0.531
1580156039.5897460,1.77,1.995,1.503,0.064,0.842,-0.063,0.531
1580156039.7160632,1.767,1.916,1.513,0.046,0.846,-0.02,0.532
1580156039.8162970,1.76,1.868,1.519,0.031,0.848,0.019,0.529
1580156039.9530500,1.754,1.82,1.522,0.014,0.846,0.066,0.529
1580156040.0905185,1.754,1.786,1.518,0.009,0.839,0.094,0.536
1580156040.2160550,1.754,1.769,1.509,0.001,0.834,0.108,0.541
1580156040.3512288,1.758,1.756,1.499,0,0.828,0.111,0.55
1580156040.4794915,1.758,1.749,1.494,0.005,0.825,0.111,0.555
1580156040.5896920,1.762,1.743,1.492,0.006,0.822,0.111,0.558
1580156040.6877858,1.764,1.738,1.489,0.003,0.821,0.113,0.559
1580156040.7947952,1.765,1.735,1.49,0.001,0.82,0.112,0.562
1580156040.9111898,1.773,1.731,1.49,0.005,0.814,0.102,0.572
1580156041.0115200,1.775,1.727,1.496,0.012,0.806,0.098,0.584
1580156041.1183522,1.775,1.72,1.505,0.02,0.798,0.098,0.594
1580156041.2148085,1.774,1.709,1.518,0.03,0.789,0.107,0.604
1580156041.3610528,1.766,1.687,1.538,0.03,0.774,0.13,0.619
1580156041.4810748,1.753,1.657,1.559,0.044,0.757,0.144,0.635
1580156041.5835442,1.738,1.626,1.572,0.057,0.746,0.156,0.645
1580156041.7149468,1.719,1.57,1.591,0.085,0.743,0.162,0.644
1580156041.8154668,1.698,1.515,1.602,0.08,0.748,0.164,0.639
1580156041.9155652,1.676,1.456,1.611,0.078,0.748,0.153,0.641
1580156042.0478940,1.652,1.365,1.62,0.09,0.745,0.133,0.648
1580156042.1514350,1.637,1.292,1.624,0.096,0.742,0.121,0.653
1580156042.2810292,1.624,1.195,1.627,0.105,0.74,0.103,0.656
1580156042.3862588,1.621,1.126,1.631,0.114,0.741,0.083,0.657
1580156042.5106260,1.617,1.043,1.65,0.115,0.74,0.059,0.66
1580156042.6107242,1.616,0.984,1.667,0.102,0.742,0.051,0.66
1580156042.7119982,1.625,0.919,1.682,0.102,0.75,0.061,0.65
1580156042.8135268,1.645,0.854,1.686,0.098,0.765,0.081,0.632
1580156042.9256812,1.668,0.795,1.68,0.096,0.781,0.103,0.608
1580156043.0510842,1.685,0.73,1.672,0.072,0.796,0.157,0.581
1580156043.1840388,1.698,0.678,1.668,0.066,0.799,0.2,0.563
1580156043.3124378,1.707,0.647,1.666,0.067,0.801,0.206,0.557
1580156043.4488768,1.713,0.626,1.663,0.078,0.79,0.198,0.575
1580156043.5842448,1.729,0.603,1.654,0.099,0.767,0.176,0.609
1580156043.7089868,1.755,0.58,1.639,0.125,0.76,0.142,0.622
1580156043.8114850,1.762,0.567,1.632,0.134,0.756,0.139,0.626
1580156043.9288732,1.763,0.553,1.631,0.139,0.752,0.164,0.623
1580156044.0592068,1.749,0.551,1.632,0.117,0.744,0.216,0.622
1580156044.1712682,1.743,0.561,1.632,0.121,0.741,0.225,0.621
1580156044.3104862,1.729,0.593,1.634,0.118,0.739,0.205,0.631
1580156044.4189678,1.702,0.663,1.647,0.086,0.741,0.177,0.642
1580156044.5981262,1.67,0.776,1.667,0.075,0.727,0.129,0.67
1580156044.6600692,1.65,0.882,1.668,0.031,0.715,0.118,0.688
1580156044.8042090,1.65,1.032,1.65,0.003,0.727,0.118,0.676
1580156044.9159058,1.66,1.144,1.631,-0.007,0.737,0.13,0.663
1580156045.0359158,1.687,1.295,1.602,-0.008,0.76,0.164,0.629
1580156045.1630222,1.715,1.444,1.568,-0.022,0.768,0.176,0.615
1580156045.2642218,1.739,1.544,1.543,-0.031,0.77,0.174,0.613
1580156045.3804900,1.763,1.653,1.517,-0.032,0.774,0.154,0.613
1580156045.4882858,1.779,1.717,1.502,-0.021,0.775,0.126,0.619
1580156045.6214720,1.797,1.779,1.482,-0.019,0.785,0.064,0.616
1580156045.7119975,1.808,1.805,1.469,-0.027,0.784,0.038,0.619
1580156045.8682482,1.818,1.818,1.461,-0.033,0.789,0.035,0.612
1580156045.9900460,1.823,1.814,1.459,-0.028,0.788,0.045,0.613
1580156046.1173325,1.823,1.814,1.462,-0.029,0.792,0.053,0.607
1580156046.2677002,1.824,1.813,1.467,-0.025,0.794,0.053,0.605
1580156046.4273378,1.827,1.812,1.479,-0.022,0.797,0.057,0.602
1580156046.5044898,1.828,1.81,1.494,-0.017,0.799,0.06,0.599
1580156046.6418322,1.827,1.8,1.52,-0.017,0.798,0.075,0.598
1580156046.7203502,1.82,1.789,1.539,-0.022,0.794,0.095,0.599
1580156046.8452805,1.802,1.779,1.565,-0.019,0.788,0.121,0.603
1580156046.9875695,1.765,1.771,1.588,-0.009,0.79,0.129,0.6
1580156047.1095388,1.708,1.761,1.613,-0.017,0.802,0.124,0.584
1580156047.2129255,1.659,1.757,1.632,-0.016,0.813,0.103,0.573
1580156047.3448752,1.574,1.763,1.657,-0.034,0.824,0.088,0.559
1580156047.4466918,1.516,1.771,1.674,-0.042,0.83,0.079,0.55
1580156047.5764788,1.447,1.771,1.704,-0.048,0.838,0.076,0.538
1580156047.6818060,1.397,1.766,1.735,-0.056,0.842,0.085,0.53
1580156047.8116718,1.328,1.757,1.788,-0.051,0.848,0.093,0.519
1580156047.9485320,1.254,1.748,1.854,-0.038,0.85,0.09,0.517
1580156048.0554125,1.199,1.751,1.91,-0.022,0.854,0.078,0.514
1580156048.1819298,1.116,1.77,1.994,-0.012,0.856,0.094,0.509
1580156048.2843302,1.065,1.779,2.044,0.005,0.854,0.077,0.514
1580156048.4283360,0.982,1.784,2.101,-0.008,0.847,0.075,0.527
1580156048.5143765,0.914,1.777,2.143,-0.005,0.847,0.069,0.527
1580156048.6523592,0.81,1.761,2.203,-0.011,0.847,0.057,0.529
1580156048.7819140,0.704,1.765,2.253,-0.005,0.843,0.059,0.535
1580156048.9113210,0.605,1.777,2.294,-0.048,0.867,0.07,0.492
1580156049.0431500,0.523,1.786,2.349,-0.049,0.864,0.068,0.497
1580156049.1458598,0.459,1.782,2.391,-0.048,0.867,0.066,0.491
1580156049.2855135,0.372,1.77,2.457,-0.037,0.867,0.062,0.493
1580156049.4139332,0.286,1.771,2.533,-0.013,0.864,0.05,0.501
1580156049.5511895,0.199,1.791,2.606,-0.001,0.869,0.055,0.493
1580156049.6487978,0.139,1.8,2.652,0.001,0.866,0.05,0.497
1580156049.7847488,0.055,1.804,2.708,-0.015,0.867,0.047,0.496
1580156049.8886912,-0.017,1.794,2.758,-0.021,0.871,0.047,0.489
1580156049.9904222,-0.096,1.781,2.809,-0.024,0.88,0.043,0.471
1580156050.1161922,-0.204,1.782,2.867,-0.026,0.883,0.032,0.468
1580156050.2509540,-0.303,1.798,2.898,-0.045,0.884,0.017,0.465
1580156050.3474120,-0.366,1.808,2.918,-0.046,0.873,0.013,0.485
1580156050.4851620,-0.453,1.809,2.93,-0.049,0.835,0.017,0.547
1580156050.5849225,-0.512,1.805,2.929,-0.048,0.785,0.017,0.618
1580156050.6846445,-0.562,1.801,2.921,-0.052,0.711,0.009,0.701
1580156050.7856890,-0.599,1.801,2.909,-0.052,0.616,-0.004,0.786
1580156050.9090370,-0.603,1.815,2.881,-0.066,0.456,-0.022,0.887
1580156051.0456620,-0.58,1.822,2.865,-0.053,0.295,-0.042,0.953
1580156051.1751408,-0.528,1.824,2.855,-0.056,0.122,-0.059,0.989
1580156051.2878690,-0.469,1.822,2.859,-0.048,-0.01,-0.06,0.997
1580156051.3880018,-0.403,1.821,2.87,-0.048,-0.132,-0.062,0.988
1580156051.5123060,-0.302,1.816,2.895,-0.049,-0.27,-0.065,0.959
1580156051.6143692,-0.231,1.812,2.91,-0.052,-0.336,-0.066,0.938
1580156051.7413782,-0.157,1.813,2.935,-0.052,-0.395,-0.06,0.915
1580156051.8547442,-0.125,1.824,2.944,-0.059,-0.432,-0.061,0.898
1580156051.9788078,-0.099,1.852,2.966,-0.042,-0.477,-0.06,0.876
1580156052.0789518,-0.092,1.903,2.986,-0.018,-0.484,-0.063,0.872
1580156052.2121780,-0.097,2.015,2.997,0.035,-0.489,-0.043,0.871
1580156052.3559295,-0.102,2.147,2.995,0.057,-0.493,-0.043,0.867
1580156052.4951920,-0.112,2.28,3.001,0.058,-0.487,-0.041,0.871
1580156052.6104725,-0.131,2.394,3.01,0.062,-0.485,-0.027,0.872
1580156052.7491082,-0.16,2.487,3.032,0.079,-0.481,-0.011,0.873
1580156052.8814708,-0.188,2.552,3.064,0.114,-0.483,-0.048,0.867
1580156052.9868700,-0.208,2.591,3.079,0.133,-0.502,-0.044,0.853
1580156053.1097335,-0.233,2.624,3.095,0.131,-0.53,-0.021,0.838
1580156053.2118340,-0.244,2.639,3.108,0.13,-0.522,-0.022,0.842
1580156053.3430202,-0.245,2.642,3.118,0.125,-0.52,-0.029,0.844
1580156053.4433955,-0.234,2.611,3.113,0.125,-0.528,-0.024,0.84
1580156053.5795678,-0.22,2.542,3.098,0.124,-0.522,-0.004,0.844
1580156053.7076588,-0.211,2.441,3.075,0.127,-0.491,0.019,0.862
1580156053.8428818,-0.217,2.289,3.058,0.154,-0.487,0.071,0.857
1580156053.9826752,-0.217,2.115,3.033,0.128,-0.466,0.091,0.871
1580156054.1095398,-0.208,1.951,3.01,0.075,-0.47,0.072,0.876
1580156054.2457638,-0.204,1.794,2.967,0.003,-0.525,0.075,0.848
1580156054.3814330,-0.211,1.651,2.935,-0.051,-0.563,0.091,0.82
1580156054.5084688,-0.197,1.511,2.914,-0.123,-0.586,0.05,0.8
1580156054.6111142,-0.195,1.393,2.903,-0.154,-0.589,0.06,0.791
1580156054.7453428,-0.199,1.226,2.887,-0.175,-0.587,0.089,0.785
1580156054.8476958,-0.199,1.106,2.88,-0.18,-0.59,0.103,0.78
1580156054.9806590,-0.215,0.956,2.878,-0.145,-0.598,0.139,0.776
1580156055.0838980,-0.22,0.861,2.876,-0.122,-0.598,0.141,0.78
1580156055.1832892,-0.229,0.778,2.871,-0.11,-0.594,0.155,0.782
1580156055.3080595,-0.238,0.697,2.86,-0.119,-0.584,0.164,0.786
1580156055.4110228,-0.262,0.655,2.859,-0.125,-0.568,0.174,0.794
1580156055.5550965,-0.283,0.612,2.86,-0.148,-0.57,0.178,0.788
1580156055.6449878,-0.276,0.591,2.863,-0.172,-0.58,0.175,0.777
1580156055.7820622,-0.282,0.566,2.869,-0.189,-0.581,0.182,0.771
1580156055.9280045,-0.294,0.536,2.875,-0.205,-0.58,0.187,0.766
1580156056.0126210,-0.297,0.525,2.877,-0.207,-0.581,0.19,0.764
1580156056.1457770,-0.296,0.533,2.881,-0.189,-0.587,0.188,0.764
1580156056.2463700,-0.287,0.573,2.879,-0.161,-0.591,0.185,0.768
1580156056.3542712,-0.266,0.655,2.875,-0.13,-0.605,0.177,0.765
1580156056.4867235,-0.244,0.807,2.873,-0.112,-0.62,0.147,0.763
1580156056.6086152,-0.242,0.983,2.875,-0.116,-0.61,0.115,0.776
1580156056.7423200,-0.25,1.166,2.88,-0.122,-0.596,0.09,0.788
1580156056.8411600,-0.259,1.298,2.885,-0.125,-0.594,0.074,0.791
1580156056.9760000,-0.27,1.446,2.887,-0.132,-0.586,0.059,0.797
1580156057.0834650,-0.272,1.536,2.888,-0.134,-0.582,0.051,0.801
1580156057.1874680,-0.273,1.606,2.89,-0.14,-0.582,0.041,0.8
1580156057.3100448,-0.271,1.675,2.895,-0.141,-0.59,0.027,0.794
1580156057.4438070,-0.249,1.709,2.902,-0.157,-0.59,-0.016,0.792
1580156057.5790102,-0.209,1.72,2.9,-0.17,-0.608,-0.037,0.775
1580156057.7151172,-0.145,1.725,2.886,-0.16,-0.614,-0.037,0.772
1580156057.8440285,-0.074,1.724,2.85,-0.13,-0.619,-0.023,0.774
1580156057.9810465,0.017,1.742,2.808,-0.124,-0.62,-0.016,0.775
1580156058.1063265,0.099,1.752,2.768,-0.102,-0.608,-0.013,0.787
1580156058.2143652,0.16,1.757,2.73,-0.105,-0.601,-0.009,0.792
1580156058.3497880,0.241,1.755,2.675,-0.099,-0.592,-0.01,0.8
1580156058.4410538,0.309,1.747,2.63,-0.087,-0.588,-0.01,0.804
1580156058.5531458,0.374,1.746,2.582,-0.065,-0.585,-0.008,0.809
1580156058.6808225,0.467,1.766,2.509,-0.059,-0.597,-0.001,0.8
1580156058.8071108,0.561,1.781,2.448,-0.049,-0.603,0,0.796
1580156058.9090125,0.624,1.787,2.408,-0.036,-0.609,0,0.792
1580156059.0487272,0.718,1.774,2.35,-0.023,-0.612,-0.001,0.791
1580156059.1819758,0.825,1.759,2.289,-0.008,-0.602,0.001,0.799
1580156059.3137488,0.939,1.762,2.225,-0.018,-0.596,-0.012,0.803
1580156059.4162910,1.021,1.768,2.181,-0.014,-0.58,-0.022,0.814
1580156059.5464068,1.122,1.77,2.11,-0.027,-0.575,-0.02,0.817
1580156059.6457945,1.192,1.766,2.059,-0.026,-0.566,-0.015,0.824
1580156059.7825765,1.294,1.751,1.982,-0.024,-0.565,-0.008,0.825
1580156059.9113432,1.396,1.747,1.898,-0.021,-0.57,0.001,0.821
1580156060.0448838,1.503,1.763,1.812,-0.044,-0.578,0.007,0.815
1580156060.1799752,1.603,1.773,1.744,-0.055,-0.593,0.003,0.803
1580156060.3119802,1.698,1.768,1.687,-0.053,-0.598,-0.005,0.8
1580156060.4434185,1.809,1.752,1.624,-0.045,-0.587,-0.015,0.808
1580156060.5868400,1.926,1.747,1.56,-0.035,-0.581,-0.013,0.813
1580156060.6850830,2.016,1.76,1.515,-0.045,-0.569,-0.031,0.82
1580156060.8064808,2.124,1.763,1.448,-0.048,-0.543,-0.029,0.838
1580156060.9515492,2.22,1.767,1.386,-0.041,-0.533,-0.015,0.845
1580156061.0760505,2.318,1.756,1.324,-0.031,-0.53,-0.007,0.848
1580156061.2083272,2.413,1.752,1.257,-0.02,-0.53,0.006,0.848
1580156061.3060778,2.488,1.764,1.202,-0.037,-0.54,0.015,0.841
1580156061.4454360,2.583,1.773,1.148,-0.033,-0.548,0.016,0.836
1580156061.5810662,2.679,1.774,1.101,-0.041,-0.564,-0.001,0.825
1580156061.7068812,2.777,1.768,1.047,-0.032,-0.565,0.002,0.824
1580156061.8070138,2.855,1.761,1.005,-0.017,-0.555,0.004,0.831
1580156061.9415765,2.969,1.764,0.947,-0.018,-0.549,-0.01,0.836
1580156062.0721608,3.069,1.771,0.896,-0.008,-0.524,-0.019,0.851
1580156062.1838922,3.138,1.776,0.849,-0.031,-0.524,-0.018,0.851
1580156062.2811352,3.199,1.776,0.808,-0.032,-0.517,-0.015,0.855
1580156062.4080565,3.283,1.762,0.749,-0.033,-0.516,-0.009,0.856
1580156062.5087918,3.344,1.754,0.697,-0.022,-0.516,-0.005,0.856
1580156062.6449532,3.418,1.761,0.615,-0.018,-0.516,0.018,0.856
1580156062.7775088,3.481,1.782,0.545,-0.014,-0.502,0.031,0.864
1580156062.9047520,3.538,1.793,0.487,-0.011,-0.482,0.024,0.876
1580156063.0085878,3.566,1.793,0.441,-0.01,-0.439,0.018,0.898
1580156063.1562602,3.59,1.789,0.368,-0.019,-0.334,0.02,0.942
1580156063.2482000,3.593,1.789,0.317,-0.013,-0.222,0.025,0.975
1580156063.3756288,3.581,1.79,0.258,-0.018,-0.047,0.029,0.998
1580156063.4810245,3.565,1.788,0.239,-0.016,0.082,0.032,0.996
1580156063.6069395,3.535,1.77,0.228,-0.04,0.243,0.025,0.969
1580156063.7070502,3.504,1.758,0.239,-0.063,0.353,0.018,0.933
1580156063.8407862,3.465,1.752,0.276,-0.082,0.486,0.007,0.87
1580156063.9431658,3.441,1.755,0.317,-0.076,0.559,0.006,0.826
1580156064.0457740,3.421,1.764,0.361,-0.068,0.612,0.01,0.788
1580156064.1815362,3.41,1.773,0.427,-0.042,0.659,0.019,0.75
1580156064.3058410,3.4,1.778,0.497,-0.023,0.685,0.031,0.727
1580156064.4067865,3.385,1.775,0.541,-0.014,0.701,0.038,0.712
1580156064.5426270,3.364,1.774,0.601,0.004,0.712,0.049,0.7
1580156064.6799932,3.337,1.774,0.642,0.009,0.725,0.066,0.685
1580156064.7828815,3.31,1.771,0.675,0.018,0.729,0.081,0.68
1580156064.9132330,3.26,1.761,0.701,0.007,0.748,0.098,0.657
1580156065.0419520,3.199,1.744,0.743,0.009,0.776,0.094,0.624
1580156065.1416722,3.141,1.735,0.764,0.006,0.803,0.083,0.59
1580156065.2778142,3.046,1.74,0.786,-0.011,0.826,0.074,0.559
1580156065.4246228,2.966,1.758,0.795,-0.016,0.831,0.052,0.553
1580156065.5100960,2.905,1.762,0.801,-0.028,0.839,0.044,0.542
1580156065.6095208,2.846,1.761,0.818,-0.034,0.839,0.054,0.54
1580156065.7383175,2.772,1.754,0.847,-0.028,0.837,0.061,0.543
1580156065.8406560,2.712,1.744,0.874,-0.021,0.834,0.062,0.548
1580156065.9749138,2.623,1.743,0.924,-0.008,0.828,0.06,0.557
1580156066.0799870,2.561,1.763,0.965,-0.002,0.82,0.07,0.569
1580156066.2077255,2.49,1.784,1.012,0.012,0.819,0.052,0.571
1580156066.3092972,2.431,1.79,1.043,0.014,0.801,0.049,0.597
1580156066.4449880,2.353,1.786,1.076,0.012,0.803,0.042,0.594
1580156066.5757902,2.258,1.771,1.115,0.006,0.813,0.044,0.581
1580156066.7032815,2.157,1.758,1.154,0.013,0.83,0.026,0.557
1580156066.8479940,2.071,1.765,1.186,0.004,0.832,0.04,0.553
1580156066.9070312,1.996,1.773,1.213,0.002,0.839,0.038,0.542
1580156067.0449268,1.917,1.777,1.245,0.007,0.84,0.049,0.541
1580156067.1402770,1.867,1.776,1.267,0.017,0.844,0.045,0.535
1580156067.2808822,1.795,1.764,1.314,0.025,0.841,0.051,0.538
1580156067.4068810,1.73,1.753,1.369,0.028,0.846,0.043,0.531
1580156067.5159612,1.673,1.753,1.426,0.039,0.849,0.046,0.524
1580156067.6475458,1.609,1.767,1.497,0.043,0.858,0.058,0.508
1580156067.7746242,1.538,1.774,1.561,0.038,0.858,0.059,0.509
1580156067.8842932,1.486,1.773,1.602,0.024,0.859,0.065,0.507
1580156068.0070102,1.409,1.761,1.657,0.014,0.861,0.069,0.504
1580156068.1369942,1.323,1.746,1.717,0.008,0.867,0.057,0.495
1580156068.2381095,1.249,1.742,1.761,0,0.869,0.047,0.492
1580156068.3470060,1.176,1.747,1.809,-0.018,0.875,0.052,0.48
1580156068.4809645,1.095,1.754,1.878,-0.021,0.888,0.046,0.457
1580156068.6087810,1.024,1.76,1.947,-0.02,0.897,0.047,0.439
1580156068.7099708,0.969,1.753,2.003,-0.005,0.899,0.049,0.435
1580156068.8472870,0.891,1.738,2.081,0.001,0.902,0.051,0.43
1580156068.9792090,0.815,1.741,2.171,0.02,0.895,0.053,0.443
1580156069.0790422,0.759,1.755,2.227,0.022,0.891,0.057,0.45
1580156069.2042870,0.682,1.763,2.29,0.018,0.883,0.064,0.465
1580156069.3476455,0.608,1.763,2.342,0.012,0.878,0.062,0.475
1580156069.4792745,0.524,1.749,2.4,0.001,0.88,0.063,0.47
1580156069.5758388,0.456,1.741,2.445,0.003,0.886,0.052,0.461
1580156069.6755690,0.386,1.741,2.489,-0.009,0.894,0.05,0.444
1580156069.8030490,0.305,1.758,2.556,-0.014,0.913,0.044,0.405
1580156069.9041402,0.262,1.762,2.615,-0.008,0.926,0.049,0.373
1580156070.0371135,0.223,1.76,2.694,-0.003,0.946,0.054,0.318
1580156070.1480648,0.205,1.75,2.765,0.01,0.959,0.061,0.278
1580156070.2745220,0.188,1.74,2.862,0.021,0.972,0.056,0.229
1580156070.4053990,0.192,1.743,2.964,0.04,0.98,0.052,0.19
1580156070.5405982,0.197,1.759,3.054,0.056,0.985,0.057,0.155
1580156070.6726540,0.199,1.764,3.139,0.06,0.989,0.049,0.122
1580156070.7725260,0.202,1.763,3.2,0.043,0.995,0.06,0.073
1580156070.9046215,0.226,1.748,3.293,0.035,0.997,0.072,-0.002
1580156071.0049205,0.248,1.736,3.358,-0.032,-0.996,-0.062,0.052
1580156071.1402672,0.253,1.739,3.486,-0.025,-0.993,-0.064,0.098
1580156071.2740568,0.27,1.748,3.586,-0.023,-0.985,-0.064,0.157
1580156071.3742620,0.3,1.746,3.652,-0.034,-0.978,-0.075,0.19
1580156071.5040352,0.341,1.746,3.721,-0.037,-0.968,-0.066,0.238
1580156071.6401402,0.4,1.727,3.795,-0.048,-0.96,-0.067,0.267
1580156071.7807992,0.468,1.716,3.866,-0.062,-0.959,-0.059,0.268
1580156071.9042535,0.543,1.731,3.934,-0.09,-0.96,-0.061,0.257
1580156072.0047452,0.591,1.739,3.987,-0.093,-0.959,-0.048,0.263
1580156072.1055940,0.628,1.75,4.031,-0.086,-0.964,-0.035,0.25
1580156072.2381102,0.682,1.749,4.105,-0.077,-0.963,-0.031,0.258
1580156072.3849105,0.744,1.732,4.196,-0.068,-0.959,-0.031,0.275
1580156072.5046082,0.808,1.715,4.304,-0.052,-0.958,-0.024,0.282
1580156072.6491500,0.874,1.727,4.428,-0.051,-0.958,-0.037,0.28
1580156072.7408998,0.917,1.741,4.505,-0.045,-0.953,-0.044,0.298
1580156072.8434770,0.959,1.752,4.564,-0.052,-0.955,-0.043,0.29
1580156072.9740045,0.994,1.755,4.63,-0.054,-0.961,-0.029,0.271
1580156073.0733602,1.017,1.753,4.68,-0.052,-0.968,-0.024,0.245
1580156073.1758112,1.044,1.751,4.727,-0.043,-0.974,-0.02,0.22
1580156073.2738740,1.083,1.749,4.78,-0.036,-0.979,-0.016,0.198
1580156073.3745778,1.131,1.751,4.838,-0.035,-0.984,-0.006,0.175
1580156073.5088692,1.202,1.764,4.922,-0.039,-0.99,-0.001,0.137
1580156073.6418090,1.269,1.78,5.004,-0.055,-0.992,-0.001,0.115
1580156073.7387722,1.309,1.788,5.053,-0.069,-0.992,0.006,0.108
1580156073.9043902,1.346,1.788,5.109,-0.086,-0.993,0,0.084
1580156074.0059890,1.362,1.779,5.146,-0.099,-0.992,-0.01,0.072
1580156074.1070320,1.37,1.774,5.174,-0.104,-0.992,-0.02,0.066
1580156074.2395658,1.361,1.773,5.191,-0.114,-0.993,-0.024,0.023
1580156074.3400285,1.328,1.778,5.191,0.121,0.992,0.014,0.035
1580156074.4416550,1.275,1.785,5.174,0.123,0.985,0.009,0.119
1580156074.5448258,1.216,1.792,5.145,0.122,0.969,0.009,0.214
1580156074.6726940,1.136,1.795,5.091,0.108,0.939,0.013,0.326
1580156074.8034845,1.059,1.796,5.003,0.082,0.901,0.016,0.425
1580156074.9088482,1.007,1.795,4.918,0.066,0.868,0.015,0.493
1580156075.0485730,0.945,1.788,4.791,0.044,0.812,0.015,0.582
1580156075.1954050,0.907,1.783,4.688,0.026,0.761,0.022,0.648
1580156075.2712238,0.881,1.78,4.552,0.023,0.675,0.025,0.737
1580156075.4023895,0.876,1.781,4.49,0.017,0.621,0.027,0.783
1580156075.5056782,0.876,1.781,4.49,0.017,0.621,0.027,0.783
1580156076.4107920,0.711,1.846,5.784,-0.041,-0.999,-0.01,0.028
1580156076.4721530,0.567,1.708,3.73,0.004,0.329,0.03,0.944
1580156076.5749748,0.523,1.7,3.674,0.006,0.345,0.022,0.938
1580156076.7036768,0.457,1.694,3.582,0.032,0.368,0.015,0.929
1580156076.8460532,0.394,1.703,3.474,0.032,0.379,0.016,0.925
1580156076.9868408,0.326,1.706,3.369,0.011,0.382,0.026,0.924
1580156077.1037082,0.261,1.694,3.279,0,0.379,0.036,0.925
1580156077.2468542,0.191,1.68,3.192,0.006,0.363,0.038,0.931
1580156077.3444908,0.129,1.677,3.121,0.011,0.348,0.033,0.937
1580156077.4719858,0.053,1.699,3.037,0.019,0.321,0.034,0.946
1580156077.5710128,0.017,1.718,2.976,0.033,0.289,0.026,0.957
1580156077.6808255,0.009,1.727,2.915,0.028,0.243,0.023,0.969
1580156077.8056525,0.027,1.723,2.842,0.017,0.158,0.022,0.987
1580156077.9040450,0.066,1.717,2.802,0.012,0.095,0.025,0.995
1580156078.0357422,0.139,1.706,2.741,-0.006,0.032,0.017,0.999
1580156078.1748495,0.226,1.694,2.687,-0.007,-0.003,0.009,1
1580156078.3027262,0.312,1.693,2.622,-0.008,-0.014,0.017,1
1580156078.4372078,0.392,1.697,2.55,-0.018,-0.013,0.022,0.999
1580156078.5708322,0.451,1.701,2.488,-0.026,-0.001,0.019,0.999
1580156078.6760735,0.474,1.7,2.431,-0.032,0.008,0.013,0.999
1580156078.7774845,0.479,1.695,2.371,-0.036,0.013,0.012,0.999
1580156078.9044902,0.472,1.688,2.284,-0.029,0.023,0.025,0.999
1580156079.0378615,0.441,1.687,2.183,-0.022,0.05,0.051,0.997
1580156079.1724580,0.392,1.699,2.1,-0.014,0.098,0.067,0.993
1580156079.2734935,0.353,1.706,2.047,-0.015,0.15,0.064,0.986
1580156079.4070060,0.286,1.703,1.991,-0.017,0.225,0.062,0.972
1580156079.5361158,0.212,1.696,1.949,-0.016,0.295,0.059,0.954
1580156079.6404370,0.155,1.687,1.911,-0.016,0.327,0.055,0.943
1580156079.7762330,0.071,1.687,1.857,-0.01,0.357,0.044,0.933
1580156079.8757268,0,1.696,1.823,0.009,0.386,0.029,0.922
1580156079.9811338,-0.074,1.715,1.793,0.015,0.398,0.01,0.917
1580156080.1026192,-0.156,1.732,1.768,0.015,0.423,-0.002,0.906
1580156080.2430632,-0.239,1.738,1.765,0.025,0.438,0,0.898
1580156080.3733015,-0.328,1.737,1.774,0.019,0.441,0.001,0.897
1580156080.5029532,-0.413,1.733,1.792,0.011,0.436,0.002,0.9
1580156080.6067535,-0.48,1.731,1.796,-0.014,0.434,0.007,0.901
1580156080.7364922,-0.546,1.734,1.794,-0.033,0.422,0.009,0.906
1580156080.8830938,-0.586,1.734,1.778,-0.038,0.393,0.02,0.919
1580156081.0039752,-0.609,1.737,1.744,-0.023,0.349,0.027,0.936
1580156081.1477988,-0.627,1.742,1.694,-0.019,0.293,0.027,0.955
1580156081.2702925,-0.651,1.747,1.638,-0.02,0.273,0.029,0.961
1580156081.3718705,-0.678,1.751,1.593,-0.02,0.26,0.035,0.965
1580156081.4771768,-0.713,1.753,1.541,-0.025,0.253,0.041,0.966
1580156081.6065250,-0.768,1.751,1.465,-0.026,0.249,0.053,0.967
1580156081.7390168,-0.819,1.743,1.391,-0.043,0.245,0.067,0.966
1580156081.8748140,-0.866,1.736,1.32,-0.063,0.253,0.078,0.962
1580156081.9730868,-0.897,1.732,1.273,-0.077,0.251,0.079,0.962
1580156082.1198365,-0.936,1.726,1.221,-0.104,0.234,0.084,0.963
1580156082.2343275,-0.961,1.714,1.183,-0.142,0.236,0.085,0.957
1580156082.3390692,-0.978,1.706,1.16,-0.158,0.228,0.097,0.956
1580156082.4402675,-0.989,1.7,1.148,-0.171,0.222,0.099,0.955
1580156082.5704665,-0.994,1.692,1.134,-0.196,0.219,0.09,0.952
1580156082.6713350,-0.996,1.692,1.127,-0.206,0.219,0.088,0.95
1580156082.8013672,-0.983,1.695,1.139,-0.197,0.231,0.088,0.949
1580156082.9401365,-0.953,1.689,1.175,-0.19,0.252,0.094,0.944
1580156083.0423372,-0.917,1.692,1.212,-0.178,0.263,0.085,0.944
1580156083.1714702,-0.852,1.703,1.284,-0.138,0.256,0.075,0.954
1580156083.3034370,-0.774,1.708,1.364,-0.13,0.258,0.044,0.956
1580156083.4049128,-0.712,1.713,1.428,-0.129,0.254,0.026,0.958
1580156083.5398038,-0.634,1.717,1.518,-0.115,0.216,0.026,0.969
1580156083.6715402,-0.566,1.716,1.605,-0.091,0.161,0.039,0.982
1580156083.7737375,-0.523,1.712,1.652,-0.094,0.128,0.043,0.986
1580156083.9047530,-0.477,1.708,1.702,-0.099,0.1,0.048,0.989
1580156084.0352855,-0.438,1.709,1.731,-0.103,0.092,0.051,0.989
1580156084.1398335,-0.409,1.704,1.743,-0.112,0.082,0.047,0.989
1580156084.2682735,-0.365,1.699,1.745,-0.123,0.067,0.043,0.989
1580156084.3745312,-0.329,1.697,1.748,-0.113,0.063,0.049,0.99
1580156084.4709622,-0.293,1.701,1.752,-0.1,0.05,0.057,0.992
1580156084.5994940,-0.24,1.699,1.751,-0.092,0.034,0.041,0.994
1580156084.7028292,-0.198,1.696,1.749,-0.091,-0.004,0.024,0.996
1580156084.8028610,-0.148,1.693,1.748,-0.091,-0.045,0.005,0.995
1580156084.9356665,0.072,1.853,7.903,-0.021,0.906,0.082,0.414
1580156085.0665738,-0.001,1.831,7.845,-0.028,0.863,0.067,0.499
1580156085.1797060,-0.038,1.83,7.784,-0.039,0.819,0.067,0.569
1580156085.2998580,-0.08,1.825,7.715,-0.05,0.739,0.072,0.668
1580156085.4021040,-0.095,1.823,7.658,-0.06,0.672,0.069,0.735
1580156085.5030480,-0.116,1.819,7.608,-0.068,0.602,0.07,0.792
1580156085.6035208,-0.139,1.817,7.558,-0.079,0.537,0.071,0.837
1580156085.7416550,-0.167,1.818,7.503,-0.056,0.453,0.066,0.887
1580156085.8677790,-0.194,1.826,7.452,-0.038,0.35,0.06,0.934
1580156085.9991938,-0.2,1.836,7.39,-0.049,0.257,0.053,0.964
1580156086.1004168,-0.185,1.84,7.355,-0.061,0.176,0.051,0.981
1580156086.2339985,-0.148,1.841,7.298,-0.07,0.076,0.045,0.994
1580156086.3459705,-0.109,1.838,7.258,-0.074,0.017,0.038,0.996
1580156086.4667908,-0.046,1.835,7.191,-0.07,-0.036,0.022,0.997
1580156086.5766572,0.014,1.83,7.148,-0.065,-0.073,0.01,0.995
1580156086.6997210,0.107,1.83,7.107,-0.066,-0.141,0.003,0.988
1580156086.8419268,0.205,1.826,7.08,-0.066,-0.225,0.002,0.972
1580156086.9666110,0.302,1.822,7.071,-0.083,-0.339,-0.01,0.937
1580156087.1005912,0.405,1.812,7.067,-0.09,-0.449,-0.025,0.889
1580156087.1997908,0.476,1.805,7.064,-0.09,-0.516,-0.03,0.851
1580156087.3397038,0.578,1.8,7.037,-0.086,-0.575,-0.028,0.813
1580156087.4710880,0.684,1.815,6.991,-0.095,-0.591,-0.04,0.8
1580156087.6024652,0.77,1.839,6.943,-0.085,-0.596,-0.021,0.798
1580156087.7024805,-0.083,1.741,3.003,0.014,0.946,0.079,0.315
1580156087.8360922,-0.1,1.745,3.092,0.018,0.97,0.076,0.231
1580156087.9399700,-0.099,1.74,3.165,0.026,0.989,0.084,0.118
1580156088.0679930,-0.07,1.731,3.247,-0.038,-0.99,-0.097,0.097
1580156088.1740725,-0.049,1.728,3.273,-0.052,-0.96,-0.093,0.258
1580156088.3077370,-0.044,1.734,3.269,-0.09,-0.895,-0.081,0.43
1580156088.4025045,-0.051,1.755,3.224,-0.128,-0.849,-0.077,0.507
1580156088.5023535,-0.081,1.784,3.199,-0.117,-0.807,-0.068,0.575
1580156088.6065865,-0.107,1.822,3.172,-0.096,-0.779,-0.065,0.616
1580156088.7348995,-0.134,1.87,3.148,-0.073,-0.765,-0.071,0.635
1580156088.8352745,-0.163,1.903,3.136,-0.059,-0.77,-0.065,0.632
1580156088.9723088,-0.199,1.938,3.12,-0.043,-0.771,-0.04,0.634
1580156089.1023322,-0.229,1.966,3.117,-0.025,-0.778,-0.019,0.627
1580156089.2334690,-0.254,1.986,3.118,-0.01,-0.782,0.001,0.623
1580156089.3368562,-0.265,1.995,3.118,-0.001,-0.784,0.013,0.621
1580156089.4668312,-0.271,2.002,3.122,0.002,-0.782,0.017,0.623
1580156089.5712222,-0.265,2.003,3.126,-0.001,-0.777,0.016,0.629
1580156089.7006035,-0.259,2.007,3.132,0,-0.772,0.014,0.636
1580156089.8341242,-0.254,2.011,3.14,-0.003,-0.768,0.006,0.64
1580156089.9359200,-0.248,2.011,3.145,-0.008,-0.767,0.001,0.642
1580156090.0734125,-0.241,2.011,3.153,-0.017,-0.767,-0.009,0.641
1580156090.1711240,-0.238,2.012,3.16,-0.024,-0.769,-0.018,0.639
1580156090.2674880,-0.236,2.012,3.164,-0.03,-0.769,-0.024,0.638
1580156090.3747870,-0.236,2.012,3.168,-0.034,-0.765,-0.026,0.642
1580156090.4994095,-0.242,2.012,3.163,-0.036,-0.75,-0.024,0.661
1580156090.6082235,-0.246,2.013,3.147,-0.03,-0.726,-0.016,0.687
1580156090.7350750,-0.248,2.017,3.115,-0.02,-0.674,-0.002,0.739
1580156090.8697092,-0.256,2.025,3.082,-0.006,-0.618,0.016,0.786
1580156090.9755550,-0.263,2.028,3.061,0.005,-0.581,0.025,0.814
1580156091.0970888,-0.268,2.029,3.044,0.009,-0.552,0.027,0.834
1580156091.2047795,-0.267,2.028,3.034,0.005,-0.538,0.023,0.842
1580156091.3344152,-0.264,2.026,3.027,-0.001,-0.532,0.02,0.847
1580156091.4352342,-0.262,2.025,3.027,-0.002,-0.531,0.017,0.847
1580156091.5361968,-0.26,2.024,3.027,-0.003,-0.53,0.017,0.848
1580156091.6743025,-0.256,2.024,3.027,-0.003,-0.528,0.017,0.849
1580156091.7716380,-0.256,2.023,3.025,-0.002,-0.519,0.015,0.855
1580156091.8999858,-0.259,2.022,3.015,-0.001,-0.478,0.012,0.878
1580156092.0041902,1.06,2.143,7.082,0.011,0.686,0.002,0.728
1580156092.1363600,1.056,2.138,7.119,0.021,0.751,0.007,0.66
1580156092.2745625,1.055,2.131,7.16,0.022,0.81,0.013,0.586
1580156092.3981650,1.061,2.121,7.184,0.018,0.85,0.016,0.526
1580156092.4986810,1.064,2.123,7.201,0.019,0.87,0.016,0.492
1580156092.6336775,1.074,2.123,7.229,0.027,0.89,0.019,0.455
1580156092.7428465,1.081,2.119,7.242,0.026,0.903,0.02,0.428
1580156092.8667092,1.085,2.121,7.258,0.022,0.916,0.017,0.401
1580156092.9706420,1.087,2.119,7.261,0.018,0.925,0.014,0.378
1580156093.1044338,1.082,2.115,7.259,0.006,0.935,0.016,0.353
1580156093.2013620,1.08,2.113,7.258,-0.003,0.94,0.019,0.342
1580156093.3331702,1.08,2.114,7.256,-0.012,0.945,0.014,0.326
1580156093.4359482,1.083,2.119,7.251,-0.015,0.948,0,0.317
1580156093.5369358,1.09,2.129,7.242,-0.009,0.952,-0.023,0.306
1580156093.6343215,1.098,2.14,7.232,-0.01,0.96,-0.046,0.275
1580156093.7390890,1.101,2.146,7.223,-0.022,0.971,-0.057,0.232
1580156093.8669392,1.097,2.145,7.208,-0.032,0.975,-0.054,0.215
1580156093.9738960,1.088,2.139,7.193,-0.039,0.97,-0.052,0.235
1580156094.0994375,1.072,2.132,7.169,-0.057,0.958,-0.05,0.276
1580156094.1980580,1.06,2.127,7.147,-0.063,0.942,-0.047,0.326
1580156094.3017095,1.049,2.122,7.129,-0.073,0.924,-0.037,0.374
1580156094.4336055,1.037,2.117,7.108,-0.078,0.902,-0.018,0.424
1580156094.5411228,1.031,2.115,7.097,-0.078,0.893,-0.011,0.444
1580156094.6642092,1.029,2.113,7.09,-0.078,0.888,-0.008,0.454
1580156094.7737435,1.028,2.113,7.091,-0.077,0.889,-0.006,0.452
1580156094.8988678,1.028,2.112,7.1,-0.074,0.895,0,0.44
1580156094.9967405,1.029,2.11,7.11,-0.072,0.901,0.006,0.427
1580156095.0980725,1.028,2.104,7.119,-0.072,0.905,0.017,0.419
1580156095.2390828,1.021,2.092,7.131,-0.077,0.907,0.033,0.412
1580156095.3404875,1.011,2.082,7.14,-0.086,0.906,0.045,0.412
1580156095.4676860,1,2.072,7.142,-0.098,0.899,0.053,0.424
1580156095.5708738,0.993,2.066,7.142,-0.1,0.89,0.056,0.442
1580156095.6721010,0.99,2.062,7.14,-0.099,0.881,0.059,0.458
1580156095.7970140,0.99,2.06,7.138,-0.096,0.871,0.058,0.479
1580156095.9053782,0.992,2.06,7.139,-0.088,0.86,0.053,0.499
1580156096.0401322,1,2.06,7.141,-0.08,0.848,0.051,0.522
1580156096.1661412,1.005,2.061,7.148,-0.076,0.845,0.055,0.527
1580156096.2674352,1.009,2.06,7.153,-0.073,0.843,0.059,0.53
